game_id,team,average_starting_field_position
2655,MIN,21.6000
2655,NO,28.9091
2656,BUF,28.6667
2656,MIA,27.8182
2657,CHI,40.4667
2657,DET,23.2143
2658,OAK,25.6667
2658,TEN,37.3846
2659,CIN,24.3636
2659,NE,36.5000
2660,CAR,40.4615
2660,NYG,35.3846
2661,ATL,28.2308
2661,PIT,25.4167
2662,CLE,24.3571
2662,TB,37.1538
2663,DEN,25.1000
2663,JAC,30.4545
2664,HOU,31.4545
2664,IND,27.8000
2665,SEA,32.5455
2665,SF,29.5833
2666,GB,32.2500
2666,PHI,31.3636
2667,ARI,31.1667
2667,STL,29.5385
2668,DAL,27.2000
2668,WAS,21.1111
2669,BAL,22.9167
2669,NYJ,39.8333
2670,KC,34.3077
2670,SD,25.2857
2671,ARI,20.7500
2671,ATL,41.0000
2672,BAL,26.7143
2672,CIN,36.2143
2673,CLE,28.1538
2673,KC,26.6923
2674,CHI,35.7500
2674,DAL,23.3636
2675,DET,27.0000
2675,PHI,29.1538
2676,BUF,29.0000
2676,GB,37.3636
2677,PIT,43.1538
2677,TEN,32.2857
2678,MIA,18.7273
2678,MIN,33.3636
2679,CAR,22.9091
2679,TB,32.4545
2680,OAK,33.2500
2680,STL,22.6667
2681,DEN,27.6000
2681,SEA,27.6667
2682,NE,25.0000
2682,NYJ,27.1000
2683,JAC,33.5000
2683,SD,29.1667
2684,HOU,22.1538
2684,WAS,29.3636
2685,IND,29.5000
2685,NYG,22.7692
2686,NO,32.6667
2686,SF,22.0000
2687,DET,30.6667
2687,MIN,31.1538
2688,BUF,34.7778
2688,NE,30.9091
2689,ATL,27.2727
2689,NO,33.7273
2690,NYG,22.7273
2690,TEN,37.5455
2691,KC,36.4167
2691,SF,22.2500
2692,PIT,33.2000
2692,TB,29.0909
2693,CAR,24.0000
2693,CIN,38.5000
2694,BAL,24.8000
2694,CLE,22.8889
2695,DAL,26.1111
2695,HOU,27.2222
2696,JAC,27.8462
2696,PHI,26.2500
2697,STL,40.9091
2697,WAS,29.9231
2698,ARI,25.3636
2698,OAK,35.6429
2699,SD,25.7692
2699,SEA,37.3846
2700,DEN,25.6364
2700,IND,28.5833
2701,MIA,27.2000
2701,NYJ,30.6364
2702,CHI,35.5000
2702,GB,21.3333
2703,ATL,26.2000
2703,SF,17.1250
2704,BUF,25.0769
2704,NYJ,37.7857
2705,CIN,26.5000
2705,CLE,33.6364
2706,DET,33.8333
2706,GB,33.8889
2707,DEN,39.1538
2707,TEN,24.5833
2708,SEA,20.5385
2708,STL,38.3077
2709,CAR,28.0000
2709,NO,28.2727
2710,BAL,31.9091
2710,PIT,27.7000
2711,IND,23.1111
2711,JAC,33.0000
2712,HOU,29.3846
2712,OAK,27.0000
2713,ARI,27.2000
2713,SD,31.7273
2714,PHI,27.8000
2714,WAS,24.2000
2715,CHI,29.6000
2715,NYG,35.6667
2716,MIA,24.1000
2716,NE,35.6250
2717,BUF,32.8333
2717,JAC,41.1818
2718,CIN,25.8462
2718,TB,29.0000
2719,ATL,24.2000
2719,CLE,29.2727
2720,DET,37.1000
2720,STL,27.5000
2721,IND,27.9000
2721,KC,26.8000
2722,GB,25.9333
2722,WAS,30.7333
2723,CAR,32.7333
2723,CHI,39.6875
2724,BAL,30.3333
2724,DEN,22.6000
2725,HOU,30.9231
2725,NYG,29.7692
2726,ARI,42.4545
2726,NO,22.9231
2727,OAK,31.0000
2727,SD,24.7500
2728,DAL,25.4167
2728,TEN,40.0769
2729,PHI,30.7692
2729,SF,36.0000
2730,MIN,27.2000
2730,NYJ,36.3077
2731,CHI,17.7692
2731,SEA,32.9333
2732,GB,22.5455
2732,MIA,32.1667
2733,SD,26.7273
2733,STL,29.0833
2734,BAL,24.9231
2734,NE,23.3571
2735,DET,27.8333
2735,NYG,33.2500
2736,ATL,27.6667
2736,PHI,35.3077
2737,CLE,25.0000
2737,PIT,33.0909
2738,HOU,25.9000
2738,KC,26.5000
2739,NO,31.2222
2739,TB,23.6667
2740,OAK,21.0833
2740,SF,32.2500
2741,DEN,29.9286
2741,NYJ,29.6154
2742,DAL,20.8182
2742,MIN,40.2000
2743,IND,31.4286
2743,WAS,32.2667
2744,JAC,23.5556
2744,TEN,32.4444
2745,ATL,29.8182
2745,CIN,21.9091
2746,CHI,22.7143
2746,WAS,35.9333
2747,PHI,33.7692
2747,TEN,27.7692
2748,JAC,25.5000
2748,KC,29.2000
2749,MIA,35.4545
2749,PIT,35.3636
2750,CLE,34.0000
2750,NO,23.4545
2751,STL,26.7000
2751,TB,31.6667
2752,CAR,30.4615
2752,SF,26.0000
2753,BAL,37.5714
2753,BUF,24.6923
2754,ARI,33.0000
2754,SEA,38.7857
2755,NE,43.9091
2755,SD,30.4167
2756,DEN,18.7857
2756,OAK,38.2857
2757,GB,31.3000
2757,MIN,28.4545
2758,DAL,42.2857
2758,NYG,31.8125
2759,CIN,26.5833
2759,MIA,27.5000
2760,DAL,22.7500
2760,JAC,33.3333
2761,DET,41.1250
2761,WAS,27.8235
2762,BUF,21.5000
2762,KC,29.0833
2763,CAR,22.7273
2763,STL,41.7500
2764,GB,36.0000
2764,NYJ,22.1538
2765,DEN,23.6667
2765,SF,29.1538
2766,SD,21.1667
2766,TEN,30.1667
2767,ARI,34.5000
2767,TB,22.0000
2768,MIN,30.4000
2768,NE,19.6000
2769,OAK,25.4286
2769,SEA,31.2143
2770,NO,35.9091
2770,PIT,30.1818
2771,HOU,25.8182
2771,IND,28.7273
2772,ATL,31.3000
2772,TB,23.7500
2773,BUF,27.5000
2773,CHI,35.7273
2774,CLE,34.8182
2774,NE,24.3000
2775,DET,24.0000
2775,NYJ,29.6429
2776,CAR,26.0769
2776,NO,34.1667
2777,BAL,39.0000
2777,MIA,21.6667
2778,HOU,35.9000
2778,SD,23.3636
2779,ARI,17.3636
2779,MIN,35.1667
2780,NYG,39.0000
2780,SEA,32.3000
2781,IND,22.1818
2781,PHI,30.9091
2782,KC,34.9333
2782,OAK,28.2000
2783,DAL,27.5000
2783,GB,31.4000
2784,CIN,35.1667
2784,PIT,36.5714
2785,ATL,27.8000
2785,BAL,20.8000
2786,BUF,33.0000
2786,DET,26.5385
2787,CHI,44.0769
2787,MIN,29.5385
2788,CLE,24.3333
2788,NYJ,37.0769
2789,CIN,28.3077
2789,IND,31.0000
2790,MIA,29.5000
2790,TEN,30.8333
2791,CAR,34.1667
2791,TB,21.9091
2792,HOU,20.4000
2792,JAC,29.5000
2793,DEN,35.3636
2793,KC,30.5000
2794,DAL,35.0000
2794,NYG,26.5000
2795,ARI,27.3077
2795,SEA,40.2857
2796,SF,23.2857
2796,STL,25.0000
2797,NE,37.4545
2797,PIT,26.3077
2798,PHI,31.6154
2798,WAS,22.2857
2799,CHI,28.6000
2799,MIA,29.0000
2800,BUF,34.2000
2800,CIN,30.8182
2801,DAL,30.2000
2801,DET,28.3333
2802,HOU,29.9286
2802,NYJ,32.8462
2803,OAK,19.0714
2803,PIT,39.1538
2804,BAL,33.0000
2804,CAR,26.1333
2805,CLE,33.7500
2805,JAC,23.2308
2806,TEN,25.2000
2806,WAS,26.2500
2807,ARI,22.0909
2807,KC,27.3636
2808,GB,32.4545
2808,MIN,26.0000
2809,NO,36.6667
2809,SEA,23.1000
2810,ATL,33.7273
2810,STL,24.0833
2811,SF,28.9091
2811,TB,35.9167
2812,IND,20.1111
2812,NE,28.7000
2813,NYG,28.8182
2813,PHI,37.7500
2814,DEN,25.5833
2814,SD,35.7692
2815,DET,28.0000
2815,NE,33.4545
2816,DAL,32.7500
2816,NO,27.9091
2817,CIN,30.1429
2817,NYJ,30.8571
2818,ATL,30.3750
2818,GB,17.2222
2819,BUF,38.1818
2819,PIT,18.7273
2820,CHI,32.4545
2820,PHI,34.0909
2821,CAR,26.3636
2821,CLE,32.5833
2822,JAC,27.0000
2822,NYG,31.3000
2823,MIN,30.9091
2823,WAS,26.4545
2824,BAL,27.4167
2824,TB,23.7500
2825,HOU,24.9091
2825,TEN,27.2000
2826,KC,33.6154
2826,SEA,31.0000
2827,MIA,39.6154
2827,OAK,25.9091
2828,DEN,26.2308
2828,STL,37.2143
2829,IND,24.4167
2829,SD,36.0000
2830,ARI,32.3636
2830,SF,32.8333
2831,HOU,20.0909
2831,PHI,38.1000
2832,CIN,43.3636
2832,NO,22.9000
2833,CHI,26.7000
2833,DET,34.3333
2834,GB,33.8182
2834,SF,32.0000
2835,JAC,33.6667
2835,TEN,27.0000
2836,DEN,21.9091
2836,KC,27.0909
2837,CLE,31.1429
2837,MIA,23.7692
2838,BUF,30.5833
2838,MIN,35.5000
2839,NYG,34.7143
2839,WAS,29.4286
2840,ATL,31.3333
2840,TB,31.2500
2841,OAK,38.9091
2841,SD,24.0000
2842,CAR,30.2500
2842,SEA,25.0909
2843,ARI,30.6000
2843,STL,31.1818
2844,DAL,27.1818
2844,IND,23.0833
2845,BAL,24.4545
2845,PIT,30.8182
2846,NE,33.8000
2846,NYJ,29.5455
2847,IND,31.2000
2847,TEN,26.7000
2848,BUF,31.4000
2848,CLE,35.9000
2849,CHI,34.5000
2849,NE,34.7000
2850,DET,25.5000
2850,GB,24.5385
2851,CIN,23.6000
2851,PIT,22.5000
2852,TB,32.5000
2852,WAS,27.0000
2853,ATL,35.1538
2853,CAR,21.6923
2854,JAC,40.4615
2854,OAK,22.4167
2855,SEA,29.4167
2855,SF,37.3077
2856,NO,26.6000
2856,STL,34.2500
2857,MIA,29.8750
2857,NYJ,33.8667
2858,ARI,44.4000
2858,DEN,29.8125
2859,KC,29.4000
2859,SD,26.3333
2860,DAL,26.1667
2860,PHI,27.2308
2861,MIN,32.8462
2861,NYG,24.8462
2862,BAL,34.0000
2862,HOU,15.5833
2863,SD,31.3636
2863,SF,26.6000
2864,CIN,31.0000
2864,CLE,29.3750
2865,DAL,43.4545
2865,WAS,20.3333
2866,HOU,25.3000
2866,TEN,40.5455
2867,IND,29.7273
2867,JAC,27.0909
2868,KC,29.7143
2868,STL,27.5714
2869,BUF,35.3000
2869,MIA,27.3636
2870,DET,24.5556
2870,TB,27.1250
2871,ARI,29.0909
2871,CAR,42.3333
2872,BAL,33.9167
2872,NO,27.0909
2873,NYG,38.0000
2873,PHI,29.7333
2874,ATL,42.1818
2874,SEA,22.6667
2875,NYJ,30.1250
2875,PIT,22.1111
2876,DEN,33.2143
2876,OAK,33.0667
2877,GB,31.8333
2877,NE,32.3333
2878,CHI,50.8462
2878,MIN,30.7857
2879,CAR,33.5455
2879,PIT,36.0000
2880,ARI,24.0909
2880,DAL,24.4615
2881,BUF,23.9167
2881,NE,44.4615
2882,CHI,36.2143
2882,NYJ,32.6667
2883,BAL,31.1000
2883,CLE,33.1000
2884,KC,29.1538
2884,TEN,30.6667
2885,SF,22.8462
2885,STL,31.5000
2886,DET,29.5833
2886,MIA,32.2500
2887,SEA,31.1818
2887,TB,32.7000
2888,JAC,25.2000
2888,WAS,38.0000
2889,IND,31.5714
2889,OAK,28.4615
2890,DEN,24.4545
2890,HOU,20.7000
2891,GB,29.5000
2891,NYG,26.5000
2892,CIN,43.8333
2892,SD,26.4167
2893,ATL,22.7500
2893,NO,23.8462
2894,MIN,23.3000
2894,PHI,29.5000
2895,ATL,38.7500
2895,CAR,16.6923
2896,CLE,25.1000
2896,PIT,35.3333
2897,DET,26.6000
2897,MIN,25.2000
2898,CHI,26.5385
2898,GB,32.7692
2899,IND,25.3636
2899,TEN,30.5455
2900,KC,33.5385
2900,OAK,27.5833
2901,MIA,27.3333
2901,NE,28.8182
2902,NYG,32.5000
2902,WAS,32.6923
2903,BAL,32.5000
2903,CIN,29.1538
2904,HOU,23.4545
2904,JAC,28.9000
2905,NO,34.8889
2905,TB,24.4000
2906,BUF,21.6154
2906,NYJ,42.0000
2907,DAL,23.5833
2907,PHI,33.2143
2908,ARI,29.1429
2908,SF,32.1429
2909,DEN,27.7857
2909,SD,37.6154
2910,SEA,31.6429
2910,STL,27.2308
2911,NO,26.3077
2911,SEA,40.3077
2912,IND,20.1111
2912,NYJ,28.2222
2913,BAL,37.4000
2913,KC,27.1000
2914,GB,21.6000
2914,PHI,33.8000
2915,BAL,35.5000
2915,PIT,36.8462
2916,ATL,31.7778
2916,GB,33.2000
2917,CHI,36.1429
2917,SEA,30.8462
2918,NE,27.5000
2918,NYJ,45.0000
2919,CHI,26.9286
2919,GB,29.7857
2920,NYJ,27.8889
2920,PIT,28.0000
2921,GB,30.3333
2921,PIT,29.4167
2922,GB,27.2000
2922,NO,27.2000
2923,ATL,24.6923
2923,CHI,23.0833
2924,HOU,34.7273
2924,IND,30.1667
2925,BUF,43.0000
2925,KC,19.6154
2926,JAC,24.3636
2926,TEN,25.6364
2927,CIN,34.7857
2927,CLE,26.7857
2928,PHI,22.8000
2928,STL,25.9000
2929,BAL,38.0000
2929,PIT,24.6923
2930,DET,26.3636
2930,TB,25.2727
2931,MIN,22.5000
2931,SD,31.4545
2932,NYG,22.9231
2932,WAS,29.7273
2933,ARI,26.0000
2933,CAR,20.8333
2934,SEA,22.2308
2934,SF,38.1818
2935,DAL,30.4286
2935,NYJ,23.8333
2936,MIA,25.0769
2936,NE,27.9167
2937,DEN,27.8182
2937,OAK,28.6154
2938,PIT,26.4000
2938,SEA,20.4000
2939,BAL,26.1667
2939,TEN,35.0909
2940,JAC,27.6429
2940,NYJ,40.3846
2941,ARI,25.7273
2941,WAS,34.0000
2942,BUF,22.5000
2942,OAK,24.5000
2943,MIN,18.6667
2943,TB,29.2000
2944,CHI,24.0769
2944,NO,34.0769
2945,CAR,27.4167
2945,GB,33.7500
2946,CLE,41.6667
2946,IND,21.6667
2947,DET,41.3846
2947,KC,21.4286
2948,DAL,26.6667
2948,SF,34.1667
2949,CIN,30.6154
2949,DEN,24.2308
2950,HOU,38.0833
2950,MIA,21.1818
2951,NE,27.0000
2951,SD,23.1111
2952,ATL,29.6429
2952,PHI,36.2667
2953,NYG,27.7692
2953,STL,24.8462
2954,CAR,34.8182
2954,JAC,23.5000
2955,DEN,31.7000
2955,TEN,21.1818
2956,HOU,27.7500
2956,NO,31.0000
2957,DET,27.9286
2957,MIN,32.1538
2958,NYG,26.9000
2958,PHI,25.6000
2959,BUF,19.5000
2959,NE,29.5833
2960,CLE,21.6364
2960,MIA,30.8000
2961,CIN,29.5000
2961,SF,24.1667
2962,NYJ,30.8333
2962,OAK,23.5000
2963,BAL,31.1667
2963,STL,22.6667
2964,KC,35.7000
2964,SD,27.7000
2965,ATL,24.4000
2965,TB,35.2727
2966,CHI,26.0000
2966,GB,34.0000
2967,ARI,24.1667
2967,SEA,32.2500
2968,IND,28.3333
2968,PIT,25.6667
2969,DAL,30.5000
2969,WAS,27.3333
2970,DAL,29.0000
2970,DET,30.0833
2971,CAR,23.3333
2971,CHI,34.5556
2972,JAC,33.4545
2972,NO,26.2500
2973,CLE,27.3846
2973,TEN,27.4545
2974,BUF,20.7273
2974,CIN,27.5385
2975,KC,31.3000
2975,MIN,24.2222
2976,PHI,32.9167
2976,SF,23.1538
2977,STL,32.6923
2977,WAS,28.2308
2978,HOU,23.4444
2978,PIT,21.0000
2979,ATL,27.8182
2979,SEA,28.9091
2980,ARI,32.5385
2980,NYG,27.7692
2981,DEN,29.3636
2981,GB,30.2727
2982,NE,32.2000
2982,OAK,16.7778
2983,MIA,25.4000
2983,SD,28.0000
2984,BAL,34.3571
2984,NYJ,26.1333
2985,IND,21.4545
2985,TB,28.9167
2986,CAR,22.8889
2986,NO,25.5556
2987,BUF,31.4545
2987,PHI,26.5000
2988,NYG,19.0000
2988,SEA,38.8824
2989,CIN,32.6923
2989,JAC,30.6429
2990,IND,20.0000
2990,KC,26.4545
2991,PIT,32.8889
2991,TEN,30.4545
2992,ARI,23.9231
2992,MIN,41.7143
2993,HOU,25.0000
2993,OAK,31.4667
2994,SF,36.0000
2994,TB,18.2727
2995,NE,29.3636
2995,NYJ,25.8182
2996,DEN,25.7500
2996,SD,28.4167
2997,ATL,23.7000
2997,GB,29.9000
2998,CHI,17.5455
2998,DET,28.0000
2999,ATL,32.0000
2999,CAR,19.2500
3000,DET,26.2500
3000,SF,35.6875
3001,CIN,33.7273
3001,IND,22.4545
3002,PHI,23.3333
3002,WAS,30.9091
3003,GB,25.3636
3003,STL,26.6364
3004,JAC,26.1818
3004,PIT,25.5455
3005,BUF,23.1000
3005,NYG,29.8182
3006,CLE,26.3333
3006,OAK,30.4000
3007,BAL,31.6667
3007,HOU,28.7500
3008,NO,20.4167
3008,TB,29.5000
3009,DAL,30.7273
3009,NE,25.0000
3010,CHI,37.0000
3010,MIN,24.1667
3011,MIA,26.6429
3011,NYJ,26.9091
3012,NYJ,37.6364
3012,SD,19.2000
3013,CLE,28.7500
3013,SEA,29.2727
3014,ATL,32.6154
3014,DET,29.0833
3015,CAR,42.0909
3015,WAS,20.3636
3016,CHI,26.4667
3016,TB,34.4000
3017,DEN,27.2000
3017,MIA,30.3333
3018,HOU,23.5000
3018,TEN,23.8182
3019,ARI,16.8889
3019,PIT,27.4000
3020,KC,17.4167
3020,OAK,27.7692
3021,GB,30.7273
3021,MIN,19.6364
3022,DAL,26.3636
3022,STL,25.2727
3023,IND,20.1818
3023,NO,33.5000
3024,BAL,21.8462
3024,JAC,36.2857
3025,NO,22.9231
3025,STL,30.6923
3026,MIA,22.9000
3026,NYG,30.6000
3027,ARI,34.0833
3027,BAL,25.8462
3028,CAR,24.2727
3028,MIN,32.8182
3029,IND,19.6429
3029,TEN,27.3846
3030,HOU,34.0769
3030,JAC,30.4286
3031,DEN,21.7333
3031,DET,32.1538
3032,BUF,30.0833
3032,WAS,29.5455
3033,CIN,32.6364
3033,SEA,25.4286
3034,CLE,22.6364
3034,SF,26.5000
3035,NE,32.1111
3035,PIT,33.9000
3036,DAL,27.6667
3036,PHI,21.0000
3037,KC,26.8571
3037,SD,33.5714
3038,KC,22.9091
3038,MIA,29.1818
3039,NO,23.4444
3039,TB,29.7778
3040,ATL,26.2308
3040,IND,19.3333
3041,CLE,31.4444
3041,HOU,40.9000
3042,BUF,25.0000
3042,NYJ,39.2500
3043,SF,39.6667
3043,WAS,21.1667
3044,DAL,28.1818
3044,SEA,16.5455
3045,CIN,28.7500
3045,TEN,21.0833
3046,DEN,25.0769
3046,OAK,27.8571
3047,NE,20.5000
3047,NYG,32.7857
3048,ARI,21.2727
3048,STL,23.2308
3049,GB,30.0000
3049,SD,27.2500
3050,BAL,26.1111
3050,PIT,28.7778
3051,CHI,31.6364
3051,PHI,29.5000
3052,OAK,23.4167
3052,SD,27.2500
3053,CHI,29.0000
3053,DET,30.8750
3054,IND,26.0000
3054,JAC,32.1667
3055,DEN,32.8333
3055,KC,20.0000
3056,CIN,31.1818
3056,PIT,22.9091
3057,BUF,20.5000
3057,DAL,28.1000
3058,ATL,19.5385
3058,NO,36.5833
3059,CLE,26.6000
3059,STL,30.5455
3060,MIA,31.3000
3060,WAS,36.5000
3061,HOU,39.5385
3061,TB,25.2308
3062,CAR,27.6923
3062,TEN,23.0909
3063,ARI,18.2000
3063,PHI,32.6923
3064,BAL,22.5000
3064,SEA,41.2308
3065,NYG,18.6000
3065,SF,34.7273
3066,NE,26.6923
3066,NYJ,29.0000
3067,GB,31.2000
3067,MIN,28.9091
3068,DEN,36.0000
3068,NYJ,24.1538
3069,CAR,30.8333
3069,DET,30.2308
3070,GB,38.6667
3070,TB,24.9091
3071,DAL,29.5714
3071,WAS,29.2308
3072,BUF,18.7143
3072,MIA,38.6667
3073,CLE,21.2500
3073,JAC,21.8750
3074,ATL,29.3000
3074,TEN,20.2222
3075,MIN,32.7692
3075,OAK,38.8462
3076,BAL,31.3125
3076,CIN,22.8667
3077,SEA,37.4000
3077,STL,25.5333
3078,ARI,22.7500
3078,SF,38.1538
3079,CHI,33.3636
3079,SD,33.2727
3080,NYG,23.3846
3080,PHI,27.6923
3081,KC,29.0000
3081,NE,28.9000
3082,DET,21.0909
3082,GB,35.0909
3083,DAL,29.0909
3083,MIA,33.1818
3084,BAL,30.2000
3084,SF,22.5556
3085,ATL,25.8000
3085,MIN,32.5455
3086,HOU,36.8125
3086,JAC,22.2143
3087,TB,26.3077
3087,TEN,35.0000
3088,ARI,30.1538
3088,STL,29.3077
3089,CIN,32.0000
3089,CLE,28.6667
3090,BUF,32.0833
3090,NYJ,27.0000
3091,CAR,31.1667
3091,IND,23.2727
3092,SEA,30.6667
3092,WAS,29.9231
3093,CHI,20.3077
3093,OAK,39.5385
3094,NE,31.2500
3094,PHI,18.6364
3095,DEN,27.3846
3095,SD,23.9231
3096,KC,21.4000
3096,PIT,36.5455
3097,NO,34.4545
3097,NYG,21.8333
3098,PHI,22.4545
3098,SEA,31.6000
3099,MIA,29.5455
3099,OAK,20.4545
3100,ATL,25.9091
3100,HOU,26.1818
3101,BUF,19.2727
3101,TEN,34.0909
3102,CHI,34.2143
3102,KC,26.4615
3103,NYJ,35.2143
3103,WAS,34.3571
3104,CIN,25.7273
3104,PIT,25.2727
3105,BAL,33.8182
3105,CLE,26.7500
3106,CAR,25.4000
3106,TB,34.1111
3107,IND,18.2000
3107,NE,33.8000
3108,DEN,30.2857
3108,MIN,25.2000
3109,ARI,18.8333
3109,DAL,33.4545
3110,SF,38.9167
3110,STL,18.7500
3111,GB,25.5000
3111,NYG,26.5000
3112,DET,21.5455
3112,NO,24.9000
3113,JAC,25.0000
3113,SD,31.5455
3114,CLE,25.8182
3114,PIT,25.9000
3115,JAC,37.7143
3115,TB,25.5000
3116,NE,25.0000
3116,WAS,21.3000
3117,CIN,28.8000
3117,HOU,26.3636
3118,KC,23.9286
3118,NYJ,30.8462
3119,DET,36.2000
3119,MIN,23.0000
3120,NO,23.1000
3120,TEN,24.5455
3121,MIA,31.0588
3121,PHI,35.5000
3122,GB,35.8462
3122,OAK,21.1538
3123,BAL,28.6000
3123,IND,31.6364
3124,ATL,31.9286
3124,CAR,20.5000
3125,CHI,28.6429
3125,DEN,24.5333
3126,ARI,25.1429
3126,SF,38.5000
3127,BUF,20.6000
3127,SD,30.1000
3128,DAL,21.8333
3128,NYG,29.8462
3129,SEA,36.8182
3129,STL,25.8333
3130,ATL,38.5385
3130,JAC,19.7273
3131,DAL,33.5000
3131,TB,22.4444
3132,CIN,30.3077
3132,STL,31.0833
3133,BUF,28.5882
3133,MIA,37.0000
3134,NYG,23.9091
3134,WAS,33.8182
3135,IND,23.4286
3135,TEN,26.9286
3136,CHI,24.4286
3136,SEA,35.8333
3137,GB,19.7778
3137,KC,24.9000
3138,CAR,29.6000
3138,HOU,30.2000
3139,MIN,33.7500
3139,NO,29.1667
3140,DET,19.9167
3140,OAK,19.8333
3141,ARI,29.8333
3141,CLE,21.7500
3142,NYJ,35.8000
3142,PHI,37.0769
3143,DEN,18.3636
3143,NE,42.0000
3144,BAL,26.7778
3144,SD,34.2500
3145,PIT,15.3636
3145,SF,35.5455
3146,HOU,26.7692
3146,IND,29.1667
3147,MIA,23.0000
3147,NE,27.5385
3148,BAL,27.6364
3148,CLE,25.4000
3149,ARI,30.3571
3149,CIN,33.2857
3150,MIN,32.5455
3150,WAS,31.0909
3151,BUF,35.9167
3151,DEN,20.6000
3152,PIT,28.5000
3152,STL,25.0909
3153,NYG,30.3125
3153,NYJ,30.7500
3154,CAR,42.0000
3154,TB,20.8000
3155,JAC,28.0769
3155,TEN,27.2143
3156,KC,27.4545
3156,OAK,35.8182
3157,DET,19.1250
3157,SD,23.5455
3158,DAL,33.0000
3158,PHI,22.5000
3159,SEA,33.5455
3159,SF,30.6364
3160,CHI,20.1000
3160,GB,35.1000
3161,ATL,22.4167
3161,NO,29.9000
3162,PHI,34.4167
3162,WAS,26.8462
3163,CLE,29.3636
3163,PIT,29.6364
3164,BAL,23.0000
3164,CIN,27.7500
3165,MIA,33.0000
3165,NYJ,29.2727
3166,CAR,23.9091
3166,NO,27.4000
3167,ATL,39.9167
3167,TB,19.7273
3168,DET,31.9286
3168,GB,27.2000
3169,SF,35.3571
3169,STL,24.2143
3170,IND,20.7000
3170,JAC,38.1000
3171,BUF,22.2500
3171,NE,31.5455
3172,HOU,22.3333
3172,TEN,31.4615
3173,CHI,24.0714
3173,MIN,34.0714
3174,DEN,27.2500
3174,KC,21.6667
3175,OAK,19.3000
3175,SD,20.8750
3176,ARI,27.2000
3176,SEA,32.5333
3177,DAL,27.1667
3177,NYG,30.5833
3178,CIN,18.6364
3178,HOU,25.4000
3179,DET,21.1111
3179,NO,27.8000
3180,ATL,21.7273
3180,NYG,24.0909
3181,DEN,25.1667
3181,PIT,24.0909
3182,NO,22.0000
3182,SF,35.7500
3183,DEN,21.2308
3183,NE,34.0000
3184,BAL,36.2000
3184,HOU,25.2857
3185,GB,26.2727
3185,NYG,42.2500
3186,BAL,27.5455
3186,NE,30.6364
3187,NYG,29.0588
3187,SF,28.6429
3188,NE,16.1111
3188,NYG,24.5556
3189,DAL,23.2222
3189,NYG,29.0000
3190,CHI,28.8667
3190,IND,28.9167
3191,CLE,37.2667
3191,PHI,22.8125
3192,ATL,44.4444
3192,KC,21.0000
3193,BUF,24.1667
3193,NYJ,35.1111
3194,DET,30.1818
3194,STL,25.8182
3195,NO,23.0000
3195,WAS,31.8462
3196,HOU,33.6154
3196,MIA,30.5833
3197,NE,30.9000
3197,TEN,17.5455
3198,JAC,25.7500
3198,MIN,27.1667
3199,CAR,23.4000
3199,TB,29.0000
3200,ARI,27.6667
3200,SEA,37.5833
3201,GB,21.7000
3201,SF,25.3333
3202,DEN,29.8889
3202,PIT,27.4444
3203,BAL,28.3000
3203,CIN,19.5455
3204,OAK,18.3333
3204,SD,43.0000
3205,CHI,27.5833
3205,GB,36.6923
3206,CIN,29.3000
3206,CLE,21.6364
3207,BUF,22.4167
3207,KC,28.3846
3208,IND,23.5000
3208,MIN,31.3636
3209,BAL,29.5000
3209,PHI,32.1429
3210,NYG,27.0667
3210,TB,33.5385
3211,HOU,28.1667
3211,JAC,26.0833
3212,CAR,28.0000
3212,NO,21.1667
3213,ARI,30.6154
3213,NE,29.2308
3214,STL,32.6154
3214,WAS,20.9091
3215,DAL,18.9000
3215,SEA,30.7778
3216,SD,28.0909
3216,TEN,26.1818
3217,MIA,28.0714
3217,OAK,19.9231
3218,NYJ,21.1000
3218,PIT,29.9000
3219,DET,26.5000
3219,SF,28.3333
3220,ATL,30.9167
3220,DEN,24.5000
3221,CAR,18.0000
3221,NYG,39.7000
3222,CHI,33.1818
3222,STL,24.2727
3223,BUF,35.0000
3223,CLE,26.7500
3224,IND,24.2500
3224,JAC,24.0833
3225,DAL,37.2308
3225,TB,31.3636
3226,MIA,17.8462
3226,NYJ,30.5385
3227,CIN,30.0714
3227,WAS,22.3846
3228,KC,27.0000
3228,NO,27.8571
3229,DET,31.0000
3229,TEN,24.1000
3230,MIN,28.3636
3230,SF,34.0000
3231,ARI,34.9091
3231,PHI,22.0000
3232,ATL,28.9000
3232,SD,20.9091
3233,DEN,27.2143
3233,HOU,21.6154
3234,OAK,33.8000
3234,PIT,29.5000
3235,BAL,21.6000
3235,NE,26.6000
3236,GB,18.4444
3236,SEA,24.3000
3237,BAL,28.3077
3237,CLE,22.2308
3238,BUF,27.0000
3238,NE,35.6875
3239,KC,25.6429
3239,SD,35.5385
3240,ATL,26.8333
3240,CAR,23.6923
3241,NYJ,24.5833
3241,SF,40.0000
3242,DET,24.5000
3242,MIN,17.7778
3243,SEA,27.0000
3243,STL,32.1818
3244,HOU,30.8182
3244,TEN,18.6923
3245,DEN,28.0909
3245,OAK,20.0000
3246,ARI,33.4000
3246,MIA,23.6667
3247,CIN,36.4545
3247,JAC,17.1000
3248,TB,23.2500
3248,WAS,23.3846
3249,GB,26.9000
3249,NO,22.3333
3250,NYG,30.3000
3250,PHI,20.1000
3251,CHI,25.2000
3251,DAL,23.4545
3252,ARI,27.4167
3252,STL,25.3846
3253,CIN,31.3077
3253,MIA,30.9231
3254,BAL,21.8000
3254,KC,32.4545
3255,GB,27.8000
3255,IND,26.8000
3256,CLE,38.5000
3256,NYG,29.1667
3257,ATL,26.1538
3257,WAS,25.1667
3258,PHI,23.5000
3258,PIT,27.8889
3259,MIN,27.4545
3259,TEN,25.3333
3260,CHI,20.8889
3260,JAC,21.4167
3261,CAR,23.0000
3261,SEA,36.0909
3262,BUF,25.5455
3262,SF,25.2000
3263,DEN,27.7273
3263,NE,27.0000
3264,NO,27.0000
3264,SD,24.7273
3265,HOU,31.8333
3265,NYJ,23.1818
3266,PIT,26.2727
3266,TEN,29.7500
3267,CIN,29.4375
3267,CLE,29.8667
3268,KC,23.5455
3268,TB,27.1667
3269,MIA,28.1000
3269,STL,19.6667
3270,DET,28.2143
3270,PHI,25.4286
3271,ATL,30.7500
3271,OAK,24.4615
3272,IND,21.2727
3272,NYJ,29.4545
3273,BAL,20.5000
3273,DAL,30.4000
3274,ARI,27.2308
3274,BUF,28.5714
3275,NE,32.7500
3275,SEA,24.4167
3276,NYG,40.3333
3276,SF,20.5000
3277,MIN,29.7273
3277,WAS,24.4545
3278,GB,35.0833
3278,HOU,18.6667
3279,DEN,26.7273
3279,SD,31.4615
3280,SEA,15.4000
3280,SF,34.3000
3281,BUF,24.4444
3281,TEN,38.8000
3282,NO,21.7000
3282,TB,25.7273
3283,CLE,21.2000
3283,IND,24.1111
3284,NYG,32.2727
3284,WAS,24.8000
3285,CAR,23.6364
3285,DAL,28.6364
3286,GB,30.2727
3286,STL,20.6667
3287,BAL,26.4167
3287,HOU,30.7500
3288,ARI,35.5385
3288,MIN,21.5833
3289,NE,21.1000
3289,NYJ,25.0000
3290,JAC,35.0588
3290,OAK,30.9333
3291,CIN,27.8182
3291,PIT,28.7273
3292,CHI,28.0000
3292,DET,25.5833
3293,MIN,23.9286
3293,TB,29.6429
3294,CAR,26.2500
3294,CHI,37.2727
3295,CLE,25.9091
3295,SD,25.0909
3296,ATL,29.6667
3296,PHI,26.5000
3297,MIA,35.7857
3297,NYJ,23.0769
3298,DET,20.2222
3298,SEA,22.6000
3299,GB,33.5385
3299,JAC,27.7692
3300,NE,30.7000
3300,STL,20.8000
3301,PIT,28.6667
3301,WAS,22.4000
3302,IND,22.6667
3302,TEN,21.1429
3303,KC,30.3846
3303,OAK,36.2857
3304,DAL,25.5333
3304,NYG,34.5000
3305,DEN,27.1667
3305,NO,19.6667
3306,ARI,21.4000
3306,SF,26.6000
3307,KC,23.3333
3307,SD,38.8571
3308,CIN,30.0000
3308,DEN,23.8000
3309,BAL,30.3846
3309,CLE,29.1667
3310,DET,24.8889
3310,JAC,22.5556
3311,ARI,24.3077
3311,GB,38.6000
3312,CAR,29.5556
3312,WAS,20.6000
3313,BUF,27.2727
3313,HOU,25.8182
3314,CHI,47.0714
3314,TEN,22.1250
3315,IND,20.8000
3315,MIA,24.6000
3316,OAK,24.3846
3316,TB,36.1429
3317,MIN,19.9000
3317,SEA,31.5000
3318,NYG,25.5000
3318,PIT,37.5833
3319,ATL,21.8889
3319,DAL,25.1111
3320,NO,20.6667
3320,PHI,27.8182
3321,IND,32.3636
3321,JAC,18.2727
3322,CIN,40.5833
3322,NYG,25.7500
3323,SD,20.6000
3323,TB,25.6250
3324,MIA,18.3333
3324,TEN,39.2727
3325,CAR,20.6000
3325,DEN,33.2143
3326,BUF,21.0000
3326,NE,29.3636
3327,BAL,32.0769
3327,OAK,24.0000
3328,ATL,26.3333
3328,NO,22.7500
3329,DET,20.1538
3329,MIN,38.6154
3330,NYJ,25.8182
3330,SEA,30.0000
3331,SF,33.8182
3331,STL,19.3636
3332,DAL,28.1818
3332,PHI,21.7143
3333,CHI,36.6429
3333,HOU,28.7857
3334,KC,33.5385
3334,PIT,27.5385
3335,BUF,30.8333
3335,MIA,20.9091
3336,DEN,34.5000
3336,SD,25.3750
3337,CIN,26.4545
3337,KC,20.4167
3338,CLE,27.9167
3338,DAL,26.3846
3339,ARI,40.4000
3339,ATL,23.2000
3340,DET,24.0000
3340,GB,36.9091
3341,CAR,22.5000
3341,TB,33.1429
3342,IND,19.3846
3342,NE,32.8889
3343,NYJ,45.9231
3343,STL,22.0833
3344,PHI,24.1818
3344,WAS,37.1667
3345,HOU,30.8750
3345,JAC,30.8571
3346,NO,33.0000
3346,OAK,22.8182
3347,BAL,30.4167
3347,PIT,19.3846
3348,CHI,20.7273
3348,SF,35.0909
3349,DET,28.3333
3349,HOU,23.3750
3350,DAL,26.7692
3350,WAS,33.2308
3351,NE,25.8000
3351,NYJ,26.6923
3352,CHI,36.3077
3352,MIN,28.6667
3353,CIN,30.4615
3353,OAK,31.8333
3354,CLE,40.6000
3354,PIT,22.4000
3355,ATL,29.1111
3355,TB,31.3333
3356,DEN,20.5000
3356,KC,31.3636
3357,BUF,22.5000
3357,IND,20.5000
3358,MIA,16.9091
3358,SEA,26.5556
3359,JAC,27.8333
3359,TEN,22.6667
3360,BAL,21.0000
3360,SD,21.3333
3361,ARI,25.0714
3361,STL,27.0000
3362,NO,28.8571
3362,SF,30.5000
3363,GB,22.7273
3363,NYG,37.2727
3364,CAR,29.9167
3364,PHI,28.6000
3365,ATL,32.1538
3365,NO,24.6154
3366,CHI,19.5556
3366,SEA,19.7000
3367,BUF,40.7692
3367,JAC,33.0714
3368,CAR,21.1250
3368,KC,22.0000
3369,MIA,28.6364
3369,NE,31.7500
3370,ARI,34.2857
3370,NYJ,25.2857
3371,DET,31.8125
3371,IND,21.1250
3372,GB,25.4545
3372,MIN,21.2727
3373,SF,26.2308
3373,STL,20.3846
3374,HOU,36.3333
3374,TEN,18.8000
3375,DEN,34.0833
3375,TB,24.0000
3376,CIN,34.3636
3376,SD,20.9000
3377,CLE,23.2000
3377,OAK,21.3000
3378,BAL,26.1667
3378,PIT,28.7500
3379,DAL,26.3333
3379,PHI,21.7778
3380,NYG,14.8750
3380,WAS,26.2500
3381,DEN,32.4000
3381,OAK,17.4000
3382,CIN,27.2000
3382,DAL,25.3000
3383,BUF,29.5833
3383,STL,29.0833
3384,CLE,31.6364
3384,KC,23.6667
3385,PHI,27.4615
3385,TB,32.4615
3386,IND,27.0909
3386,TEN,19.3000
3387,JAC,28.5385
3387,NYJ,22.6923
3388,ATL,17.8750
3388,CAR,27.0000
3389,BAL,32.2308
3389,WAS,26.5833
3390,PIT,18.5714
3390,SD,36.6154
3391,CHI,21.0000
3391,MIN,25.7273
3392,MIA,31.1250
3392,SF,33.0000
3393,NO,19.2857
3393,NYG,51.0714
3394,ARI,23.6923
3394,SEA,42.0000
3395,DET,23.2727
3395,GB,37.8000
3396,HOU,23.4615
3396,NE,26.3077
3397,CIN,42.0000
3397,PHI,32.1429
3398,CHI,33.1538
3398,GB,26.3636
3399,CLE,31.3846
3399,WAS,34.5000
3400,JAC,24.3333
3400,MIA,17.1000
3401,ATL,38.7000
3401,NYG,17.6667
3402,MIN,32.9167
3402,STL,18.9167
3403,BAL,29.0000
3403,DEN,33.0714
3404,NO,29.1667
3404,TB,26.0000
3405,HOU,21.2000
3405,IND,28.0909
3406,BUF,22.6667
3406,SEA,41.6000
3407,ARI,42.7143
3407,DET,19.9375
3408,CAR,29.8000
3408,SD,26.2727
3409,DAL,31.6923
3409,PIT,24.2500
3410,KC,30.1818
3410,OAK,24.1667
3411,NE,19.6250
3411,SF,46.1176
3412,NYJ,30.1429
3412,TEN,27.1429
3413,ATL,28.6000
3413,DET,20.6364
3414,STL,29.2500
3414,TB,25.2308
3415,IND,23.9091
3415,KC,17.4167
3416,DAL,21.1667
3416,NO,23.7692
3417,NYJ,25.7500
3417,SD,36.7500
3418,BUF,18.3636
3418,MIA,36.0000
3419,PHI,25.7000
3419,WAS,33.5000
3420,JAC,29.4615
3420,NE,24.1667
3421,GB,42.8571
3421,TEN,28.1429
3422,CAR,28.1000
3422,OAK,32.3636
3423,BAL,30.1818
3423,NYG,22.8000
3424,CIN,26.1538
3424,PIT,26.6000
3425,HOU,23.8333
3425,MIN,30.4167
3426,CLE,21.3000
3426,DEN,35.7273
3427,ARI,26.9333
3427,CHI,27.1538
3428,SEA,28.2222
3428,SF,29.8889
3429,BAL,19.0000
3429,CIN,37.0833
3430,BUF,29.9091
3430,NYJ,30.3846
3431,HOU,19.0000
3431,IND,33.1111
3432,ATL,29.9167
3432,TB,27.8333
3433,NYG,32.5556
3433,PHI,25.1111
3434,CHI,43.4286
3434,DET,18.7500
3435,MIA,15.1818
3435,NE,32.2000
3436,CAR,36.5385
3436,NO,22.1667
3437,CLE,27.9091
3437,PIT,31.2727
3438,JAC,23.5385
3438,TEN,31.2000
3439,GB,28.7000
3439,MIN,30.1000
3440,ARI,27.0833
3440,SF,31.8333
3441,DEN,22.5455
3441,KC,29.4545
3442,OAK,29.3636
3442,SD,29.6000
3443,SEA,26.0909
3443,STL,22.0000
3444,DAL,33.2727
3444,WAS,28.6364
3445,CIN,26.1000
3445,HOU,26.0000
3446,GB,31.3333
3446,MIN,23.3333
3447,BAL,32.4545
3447,IND,19.3636
3448,SEA,40.8182
3448,WAS,20.8000
3449,BAL,25.1333
3449,DEN,20.8571
3450,GB,17.5556
3450,SF,30.5833
3451,ATL,25.1000
3451,SEA,29.6364
3452,HOU,31.6923
3452,NE,30.9167
3453,ATL,23.1000
3453,SF,26.4000
3454,BAL,20.0000
3454,NE,29.2500
3455,BAL,28.4545
3455,SF,28.4167
3456,BAL,23.2500
3456,DEN,34.6875
3457,BUF,23.1429
3457,NE,31.0000
3458,CHI,34.6364
3458,CIN,20.9091
3459,CLE,25.5000
3459,MIA,28.7692
3460,IND,18.7500
3460,OAK,28.5000
3461,JAC,18.8000
3461,KC,33.7143
3462,NYJ,24.7692
3462,TB,29.0769
3463,PIT,18.6364
3463,TEN,40.1000
3464,ATL,26.1818
3464,NO,24.0833
3465,CAR,20.5000
3465,SEA,23.0000
3466,DET,36.7143
3466,MIN,21.7857
3467,GB,19.9231
3467,SF,33.0000
3468,ARI,19.0909
3468,STL,29.2727
3469,DAL,34.0769
3469,NYG,28.0000
3470,PHI,38.9286
3470,WAS,19.6923
3471,HOU,27.0000
3471,SD,27.9091
3472,NE,37.8125
3472,NYJ,21.6667
3473,DAL,21.0833
3473,KC,34.6364
3474,ATL,22.6364
3474,STL,16.4167
3475,PHI,22.6364
3475,SD,25.3636
3476,HOU,31.6875
3476,TEN,24.4286
3477,IND,25.0000
3477,MIA,24.8333
3478,BUF,18.7500
3478,CAR,34.0833
3479,BAL,31.3846
3479,CLE,24.8333
3480,GB,26.2727
3480,WAS,24.4545
3481,CHI,37.0833
3481,MIN,22.1111
3482,NO,31.4167
3482,TB,20.5455
3483,ARI,36.0000
3483,DET,14.6667
3484,JAC,25.5455
3484,OAK,30.7273
3485,DEN,29.8571
3485,NYG,24.5714
3486,SEA,43.8462
3486,SF,26.6364
3487,CIN,22.7500
3487,PIT,25.5833
3488,KC,43.2143
3488,PHI,20.4615
3489,NE,30.9091
3489,TB,21.4000
3490,ARI,28.5455
3490,NO,25.4167
3491,SD,28.4000
3491,TEN,18.3333
3492,CIN,27.1538
3492,GB,37.5833
3493,BAL,17.5000
3493,HOU,27.5455
3494,CLE,29.9286
3494,MIN,33.1250
3495,CAR,34.2727
3495,NYG,28.0833
3496,DAL,36.4000
3496,STL,21.6667
3497,DET,20.8333
3497,WAS,22.8333
3498,ATL,29.5556
3498,MIA,32.9091
3499,JAC,30.7857
3499,SEA,32.6429
3500,IND,27.2727
3500,SF,19.2727
3501,BUF,30.6000
3501,NYJ,22.2667
3502,CHI,36.4167
3502,PIT,22.1538
3503,DEN,28.6364
3503,OAK,24.9091
3504,SF,28.7500
3504,STL,28.8750
3505,CHI,24.6667
3505,DET,42.9286
3506,IND,28.5455
3506,JAC,23.0000
3507,HOU,23.2143
3507,SEA,26.4615
3508,CIN,25.6000
3508,CLE,30.9091
3509,BAL,30.5294
3509,BUF,33.3529
3510,MIN,26.4167
3510,PIT,23.5833
3511,ARI,35.5714
3511,TB,21.9286
3512,KC,34.5000
3512,NYG,22.2143
3513,NYJ,18.6154
3513,TEN,36.5385
3514,DAL,23.1000
3514,SD,25.2727
3515,OAK,29.5000
3515,WAS,25.0769
3516,DEN,23.0000
3516,PHI,20.4545
3517,ATL,27.1818
3517,NE,21.4545
3518,MIA,20.6667
3518,NO,38.0833
3519,BUF,22.7143
3519,CLE,32.9231
3520,CIN,18.6923
3520,NE,28.9167
3521,BAL,26.3333
3521,MIA,28.0000
3522,IND,20.9000
3522,SEA,31.8182
3523,KC,29.3077
3523,TEN,29.2857
3524,JAC,26.7143
3524,STL,29.5385
3525,CHI,18.9091
3525,NO,34.5000
3526,DET,18.2000
3526,GB,23.5000
3527,NYG,21.6429
3527,PHI,34.4000
3528,ARI,37.4167
3528,CAR,23.4167
3529,DAL,25.5455
3529,DEN,31.6364
3530,HOU,20.8333
3530,SF,39.3000
3531,OAK,25.3636
3531,SD,23.0000
3532,ATL,25.4444
3532,NYJ,39.1111
3533,CHI,29.5556
3533,NYG,17.6667
3534,CAR,34.6000
3534,MIN,16.6667
3535,PHI,29.3333
3535,TB,26.2727
3536,NYJ,30.5000
3536,PIT,22.5455
3537,KC,36.2308
3537,OAK,19.6429
3538,HOU,27.4444
3538,STL,25.5000
3539,CLE,19.5000
3539,DET,27.3333
3540,BAL,28.5714
3540,GB,29.3571
3541,BUF,26.6667
3541,CIN,24.0000
3542,DEN,29.5385
3542,JAC,26.0909
3543,SEA,33.5000
3543,TEN,24.8889
3544,NE,27.0769
3544,NO,27.1667
3545,ARI,20.5333
3545,SF,37.3333
3546,DAL,39.7000
3546,WAS,21.5833
3547,IND,19.7778
3547,SD,23.6667
3548,ARI,37.3333
3548,SEA,29.4615
3549,ATL,27.1111
3549,TB,30.0909
3550,NE,24.9231
3550,NYJ,25.5714
3551,JAC,23.5000
3551,SD,23.0000
3552,HOU,25.3636
3552,KC,30.6364
3553,BUF,26.3077
3553,MIA,29.4286
3554,CIN,25.4000
3554,DET,22.7000
3555,DAL,31.2000
3555,PHI,22.0714
3556,CAR,30.0909
3556,STL,25.2727
3557,CHI,34.8462
3557,WAS,18.6667
3558,SF,27.3636
3558,TEN,21.0909
3559,BAL,30.0000
3559,PIT,32.8750
3560,CLE,37.6667
3560,GB,29.4000
3561,DEN,24.8824
3561,IND,35.9444
3562,MIN,33.2308
3562,NYG,32.2667
3563,CAR,34.5455
3563,TB,19.0909
3564,DAL,38.2000
3564,DET,22.7143
3565,NYG,31.2308
3565,PHI,20.9091
3566,CLE,21.6364
3566,KC,27.4167
3567,BUF,22.8333
3567,NO,38.6667
3568,JAC,26.1111
3568,SF,21.5556
3569,MIA,27.5000
3569,NE,32.2308
3570,OAK,27.5333
3570,PIT,34.2667
3571,CIN,29.1000
3571,NYJ,24.1538
3572,DEN,34.0000
3572,WAS,26.2857
3573,ARI,31.0000
3573,ATL,27.1538
3574,GB,31.5000
3574,MIN,22.7500
3575,SEA,29.8182
3575,STL,26.7273
3576,CIN,23.1333
3576,MIA,24.9231
3577,BUF,16.5833
3577,KC,31.5000
3578,ATL,18.4167
3578,CAR,33.2000
3579,SD,19.5556
3579,WAS,21.6667
3580,NO,21.7500
3580,NYJ,36.1667
3581,STL,27.0000
3581,TEN,28.0769
3582,DAL,24.1000
3582,MIN,27.8333
3583,SEA,31.2000
3583,TB,22.5455
3584,OAK,20.8571
3584,PHI,29.8571
3585,NE,34.2857
3585,PIT,26.3571
3586,BAL,31.0000
3586,CLE,30.0000
3587,HOU,26.5000
3587,IND,29.8333
3588,CHI,24.0909
3588,GB,31.1667
3589,MIN,31.6000
3589,WAS,25.1111
3590,GB,25.4000
3590,PHI,32.6000
3591,CHI,30.8182
3591,DET,27.0000
3592,IND,24.3571
3592,STL,26.9167
3593,BAL,37.1333
3593,CIN,26.5625
3594,BUF,33.5000
3594,PIT,32.4167
3595,JAC,35.3333
3595,TEN,26.7333
3596,NYG,30.8182
3596,OAK,40.7273
3597,ATL,18.0000
3597,SEA,24.0000
3598,CAR,32.7500
3598,SF,28.4615
3599,ARI,27.0769
3599,HOU,31.3571
3600,DEN,19.0000
3600,SD,30.8182
3601,DAL,27.0000
3601,NO,25.1000
3602,MIA,29.1818
3602,TB,27.4167
3603,IND,34.7000
3603,TEN,23.2500
3604,HOU,24.4375
3604,OAK,28.7222
3605,BUF,35.5714
3605,NYJ,25.9286
3606,CIN,41.7059
3606,CLE,24.1176
3607,BAL,23.8182
3607,CHI,25.8182
3608,MIA,21.0000
3608,SD,25.8000
3609,ARI,23.3571
3609,JAC,34.1429
3610,ATL,21.7500
3610,TB,38.3333
3611,DET,26.6154
3611,PIT,35.1429
3612,PHI,22.9167
3612,WAS,20.0000
3613,MIN,25.1538
3613,SEA,38.5833
3614,NO,25.9091
3614,SF,37.0000
3615,GB,22.0833
3615,NYG,27.4000
3616,DEN,24.2308
3616,KC,28.7857
3617,CAR,15.7143
3617,NE,27.2857
3618,ATL,21.7778
3618,NO,21.8889
3619,CAR,23.6923
3619,MIA,31.4615
3620,KC,26.6923
3620,SD,32.5833
3621,CLE,21.7857
3621,PIT,40.0769
3622,HOU,23.6364
3622,JAC,28.5000
3623,BAL,36.1538
3623,NYJ,22.9231
3624,GB,21.6000
3624,MIN,29.1429
3625,DET,28.3333
3625,TB,33.0000
3626,CHI,18.4000
3626,STL,30.7000
3627,ARI,36.4000
3627,IND,20.1818
3628,OAK,28.8182
3628,TEN,28.8000
3629,DAL,25.0909
3629,NYG,25.2500
3630,DEN,28.6429
3630,NE,34.1111
3631,SF,42.9167
3631,WAS,24.0833
3632,DET,31.4615
3632,GB,24.3636
3633,DAL,31.2727
3633,OAK,25.5455
3634,BAL,37.5556
3634,PIT,23.2500
3635,DEN,19.0000
3635,KC,23.3000
3636,CLE,23.0714
3636,JAC,38.1429
3637,IND,28.2308
3637,TEN,29.8333
3638,ARI,18.7692
3638,PHI,36.2308
3639,MIA,39.2308
3639,NYJ,23.3333
3640,CHI,26.7857
3640,MIN,25.8571
3641,CAR,33.1818
3641,TB,25.7273
3642,SF,31.6667
3642,STL,20.7273
3643,ATL,31.4667
3643,BUF,25.2143
3644,CIN,24.2000
3644,SD,23.7000
3645,HOU,29.1667
3645,NE,26.8182
3646,NYG,28.0833
3646,WAS,32.1667
3647,NO,23.9091
3647,SEA,21.6000
3648,HOU,25.0000
3648,JAC,29.3077
3649,CLE,22.4167
3649,NE,22.0000
3650,CIN,28.2308
3650,IND,26.0833
3651,BUF,25.0000
3651,TB,39.6000
3652,ATL,27.9000
3652,GB,32.6667
3653,BAL,31.3333
3653,MIN,26.4667
3654,MIA,34.3846
3654,PIT,24.1667
3655,NYJ,34.4000
3655,OAK,23.2727
3656,KC,44.2500
3656,WAS,28.4286
3657,DET,35.2500
3657,PHI,25.7857
3658,DEN,38.4167
3658,TEN,26.4545
3659,ARI,32.9091
3659,STL,18.3333
3660,NYG,25.8000
3660,SD,36.5000
3661,SEA,25.3000
3661,SF,30.9091
3662,CAR,27.7000
3662,NO,29.9000
3663,CHI,31.5556
3663,DAL,31.0000
3664,DEN,19.1111
3664,SD,34.1000
3665,CHI,29.9167
3665,CLE,20.8182
3666,HOU,24.0714
3666,IND,35.3571
3667,BUF,33.2308
3667,JAC,31.8333
3668,ATL,37.6667
3668,WAS,27.8571
3669,MIA,23.5000
3669,NE,20.2000
3670,SF,37.7500
3670,TB,19.9091
3671,NYG,22.1429
3671,SEA,36.4615
3672,NO,20.8000
3672,STL,31.5455
3673,MIN,39.3333
3673,PHI,25.6154
3674,ARI,31.4167
3674,TEN,25.9167
3675,CAR,35.7778
3675,NYJ,20.3000
3676,KC,48.8462
3676,OAK,19.6923
3677,DAL,26.7500
3677,GB,30.4615
3678,CIN,24.6364
3678,PIT,42.3000
3679,BAL,28.8333
3679,DET,22.5455
3680,CIN,33.0000
3680,MIN,34.4615
3681,BUF,28.7857
3681,MIA,26.1538
3682,IND,29.2500
3682,KC,25.4545
3683,CLE,34.8889
3683,NYJ,23.5000
3684,DEN,29.0714
3684,HOU,25.6429
3685,JAC,29.0000
3685,TEN,26.4545
3686,DAL,27.5455
3686,WAS,35.9000
3687,CAR,28.5385
3687,NO,24.0000
3688,STL,41.7000
3688,TB,21.6364
3689,DET,25.7143
3689,NYG,28.0000
3690,ARI,31.8667
3690,SEA,31.0769
3691,GB,36.6154
3691,PIT,34.2500
3692,OAK,29.1000
3692,SD,31.3636
3693,BAL,22.0000
3693,NE,35.3077
3694,CHI,20.1818
3694,PHI,32.1818
3695,ATL,28.6364
3695,SF,21.6250
3696,ATL,22.4167
3696,CAR,23.0000
3697,MIA,21.6364
3697,NYJ,30.0000
3698,BAL,29.9286
3698,CIN,29.5714
3699,CLE,27.7273
3699,PIT,36.5000
3700,IND,33.5833
3700,JAC,19.0909
3701,HOU,17.5455
3701,TEN,32.7500
3702,DET,24.5455
3702,MIN,27.0000
3703,NYG,35.2941
3703,WAS,29.5294
3704,CHI,31.7000
3704,GB,30.2000
3705,BUF,22.4545
3705,NE,40.6667
3706,NO,31.2500
3706,TB,27.0000
3707,SEA,30.5455
3707,STL,22.2500
3708,DEN,33.3636
3708,OAK,24.6364
3709,KC,30.5833
3709,SD,23.8333
3710,ARI,17.9231
3710,SF,37.6154
3711,DAL,29.5833
3711,PHI,28.7692
3712,IND,25.8462
3712,KC,36.4615
3713,NO,30.3636
3713,PHI,33.5000
3714,CIN,27.9167
3714,SD,34.2727
3715,GB,27.0000
3715,SF,32.5556
3716,NO,26.0769
3716,SEA,33.2727
3717,IND,22.1429
3717,NE,32.3571
3718,CAR,30.5000
3718,SF,22.1250
3719,DEN,33.8750
3719,SD,26.7778
3720,DEN,24.1250
3720,NE,20.0000
3721,SEA,37.0000
3721,SF,24.2727
3722,DEN,24.9091
3722,SEA,40.6667
3723,GB,22.1000
3723,SEA,34.3000
3724,ATL,21.7273
3724,NO,23.4000
3725,BUF,32.9167
3725,CHI,19.3333
3726,KC,21.0833
3726,TEN,31.1538
3727,MIN,26.5455
3727,STL,21.8333
3728,MIA,36.3571
3728,NE,28.0769
3729,NYJ,31.2500
3729,OAK,24.5000
3730,JAC,25.1875
3730,PHI,34.3333
3731,CLE,24.3333
3731,PIT,21.8462
3732,BAL,23.2500
3732,CIN,33.5000
3733,HOU,20.5000
3733,WAS,20.1818
3734,DAL,18.0000
3734,SF,35.2222
3735,CAR,32.0909
3735,TB,24.2727
3736,DEN,24.8333
3736,IND,29.2500
3737,DET,37.2727
3737,NYG,22.9000
3738,ARI,25.1667
3738,SD,32.6364
3739,BAL,30.9000
3739,PIT,23.2222
3740,BUF,43.3333
3740,MIA,20.8333
3741,ATL,23.1818
3741,CIN,31.9167
3742,CLE,24.0000
3742,NO,19.8000
3743,DAL,27.9091
3743,TEN,20.5455
3744,MIN,20.2308
3744,NE,42.0909
3745,ARI,33.0000
3745,NYG,18.7000
3746,JAC,23.8333
3746,WAS,38.0769
3747,CAR,29.2308
3747,DET,26.7273
3748,SD,36.7000
3748,SEA,23.0000
3749,STL,23.7500
3749,TB,27.2222
3750,DEN,20.3750
3750,KC,24.7500
3751,GB,23.5000
3751,NYJ,30.4167
3752,HOU,44.0000
3752,OAK,20.3000
3753,CHI,30.8182
3753,SF,34.5455
3754,IND,23.9167
3754,PHI,26.8333
3755,ATL,33.5833
3755,TB,24.5000
3756,BUF,19.4545
3756,SD,26.0000
3757,CIN,35.2500
3757,TEN,23.0000
3758,BAL,26.5000
3758,CLE,25.5000
3759,DET,23.5556
3759,GB,20.3333
3760,DAL,23.3000
3760,STL,22.1000
3761,NE,24.2000
3761,OAK,24.4444
3762,MIN,21.6250
3762,NO,18.0000
3763,HOU,21.0000
3763,NYG,39.6154
3764,PHI,30.8333
3764,WAS,26.0000
3765,IND,27.8182
3765,JAC,17.1667
3766,ARI,26.6250
3766,SF,18.0000
3767,KC,29.4615
3767,MIA,32.3571
3768,DEN,23.7857
3768,SEA,28.4667
3769,CAR,22.2222
3769,PIT,23.7000
3770,CHI,22.5833
3770,NYJ,30.6364
3771,NYG,40.3077
3771,WAS,15.4615
3772,CHI,19.6250
3772,GB,43.5714
3773,IND,32.2857
3773,TEN,23.0000
3774,MIA,40.6667
3774,OAK,24.3077
3775,DET,29.5833
3775,NYJ,21.8333
3776,PIT,24.3636
3776,TB,33.9000
3777,BAL,27.5000
3777,CAR,19.2500
3778,BUF,27.1333
3778,HOU,29.2857
3779,JAC,21.5455
3779,SD,39.8000
3780,ATL,25.2727
3780,MIN,29.8182
3781,PHI,19.3636
3781,SF,30.4000
3782,DAL,30.8182
3782,NO,23.5455
3783,KC,34.7273
3783,NE,15.9091
3784,GB,33.3846
3784,MIN,21.2857
3785,DAL,24.3636
3785,HOU,25.6667
3786,BUF,25.7143
3786,DET,27.9286
3787,CLE,25.9091
3787,TEN,20.0000
3788,BAL,24.4167
3788,IND,36.3333
3789,NO,25.9231
3789,TB,24.8182
3790,ATL,27.3636
3790,NYG,29.8000
3791,PHI,29.5833
3791,STL,25.3571
3792,CAR,32.6923
3792,CHI,29.2857
3793,JAC,21.8000
3793,PIT,23.3000
3794,ARI,29.0000
3794,DEN,28.4375
3795,NYJ,20.3333
3795,SD,31.6667
3796,KC,26.2222
3796,SF,25.3333
3797,CIN,25.1667
3797,NE,32.5833
3798,SEA,34.9167
3798,WAS,16.7500
3799,HOU,22.8182
3799,IND,33.1538
3800,ATL,22.6364
3800,CHI,26.4545
3801,BUF,22.8333
3801,NE,35.1538
3802,CAR,32.0000
3802,CIN,33.0909
3803,CLE,29.0000
3803,PIT,24.8462
3804,JAC,19.1818
3804,TEN,34.4545
3805,GB,27.7273
3805,MIA,30.6364
3806,DET,35.6923
3806,MIN,26.7143
3807,DEN,23.0833
3807,NYJ,28.8462
3808,BAL,38.4615
3808,TB,21.8333
3809,OAK,30.8000
3809,SD,20.8000
3810,ARI,35.1667
3810,WAS,19.9286
3811,DAL,26.0000
3811,SEA,35.1818
3812,NYG,21.9286
3812,PHI,31.0000
3813,SF,31.5833
3813,STL,20.5000
3814,NE,28.9000
3814,NYJ,24.3000
3815,BUF,25.4615
3815,MIN,29.4167
3816,CHI,28.8889
3816,MIA,37.6000
3817,DET,32.6667
3817,NO,23.3333
3818,CAR,25.3333
3818,GB,26.0833
3819,CIN,24.2143
3819,IND,21.3846
3820,SEA,20.5556
3820,STL,28.5556
3821,TEN,35.6667
3821,WAS,27.7273
3822,CLE,27.5333
3822,JAC,40.1250
3823,ATL,24.1667
3823,BAL,35.2727
3824,KC,28.3636
3824,SD,19.7000
3825,DAL,27.8182
3825,NYG,27.0000
3826,ARI,23.8000
3826,OAK,25.5455
3827,DEN,27.9167
3827,SF,22.5455
3828,HOU,20.0000
3828,PIT,37.1667
3829,DEN,26.7000
3829,SD,22.9091
3830,ATL,19.7778
3830,DET,34.0000
3831,BAL,31.0909
3831,CIN,34.6364
3832,HOU,31.8462
3832,TEN,25.2308
3833,KC,27.4000
3833,STL,28.0909
3834,CHI,20.0909
3834,NE,35.7000
3835,BUF,48.6667
3835,NYJ,19.0667
3836,MIN,26.0833
3836,TB,22.7500
3837,CAR,26.8889
3837,SEA,34.2222
3838,JAC,23.4167
3838,MIA,25.4000
3839,ARI,21.6154
3839,PHI,28.5000
3840,CLE,35.3077
3840,OAK,21.1538
3841,IND,24.0769
3841,PIT,21.4545
3842,GB,21.8000
3842,NO,38.0000
3843,DAL,19.4545
3843,WAS,26.9091
3844,CAR,24.6000
3844,NO,26.2727
3845,CIN,30.1667
3845,JAC,27.3846
3846,CLE,30.3077
3846,TB,33.1667
3847,ARI,34.0000
3847,DAL,25.3000
3848,KC,29.5000
3848,NYJ,29.0000
3849,MIA,44.0000
3849,SD,19.5455
3850,MIN,28.6364
3850,WAS,26.0833
3851,HOU,22.6000
3851,PHI,27.0833
3852,SF,26.9167
3852,STL,32.0833
3853,DEN,23.0000
3853,NE,37.3846
3854,OAK,28.4167
3854,SEA,33.0000
3855,BAL,32.8462
3855,PIT,28.3077
3856,IND,36.4667
3856,NYG,19.6000
3857,CIN,29.2857
3857,CLE,29.7500
3858,BUF,32.5000
3858,KC,22.7692
3859,DET,32.3636
3859,MIA,33.1818
3860,NO,23.5000
3860,SF,31.9286
3861,NYJ,39.7273
3861,PIT,26.3000
3862,ATL,30.4000
3862,TB,25.2222
3863,DAL,32.8571
3863,JAC,25.8462
3864,BAL,29.9167
3864,TEN,18.0000
3865,DEN,38.7333
3865,OAK,24.5333
3866,ARI,28.0833
3866,STL,25.9286
3867,NYG,26.7273
3867,SEA,31.6364
3868,CHI,19.1538
3868,GB,41.0000
3869,CAR,23.0000
3869,PHI,35.0000
3870,BUF,21.9000
3870,MIA,35.3333
3871,CHI,27.1000
3871,MIN,30.1000
3872,CLE,26.6923
3872,HOU,24.5385
3873,GB,26.2000
3873,PHI,31.6154
3874,KC,32.1111
3874,SEA,29.3333
3875,DEN,17.7692
3875,STL,32.6667
3876,CIN,22.7500
3876,NO,18.1429
3877,NYG,27.1667
3877,SF,34.2500
3878,TB,32.5556
3878,WAS,23.3636
3879,ATL,27.3846
3879,CAR,25.9231
3880,OAK,18.1538
3880,SD,31.3077
3881,ARI,23.7273
3881,DET,24.7000
3882,IND,26.0000
3882,NE,24.2727
3883,PIT,22.8889
3883,TEN,30.3333
3884,KC,32.1667
3884,OAK,25.4167
3885,ATL,26.6000
3885,CLE,28.3636
3886,CHI,38.0000
3886,TB,26.9333
3887,IND,31.8333
3887,JAC,27.1667
3888,GB,23.9000
3888,MIN,28.1111
3889,DET,23.0000
3889,NE,27.8333
3890,PHI,37.0714
3890,TEN,29.6250
3891,CIN,29.9091
3891,HOU,16.0000
3892,SD,23.9091
3892,STL,32.3636
3893,ARI,20.4000
3893,SEA,38.2727
3894,DEN,35.6667
3894,MIA,29.3000
3895,SF,26.3846
3895,WAS,26.1667
3896,DAL,32.0909
3896,NYG,24.8182
3897,BUF,28.5000
3897,NYJ,24.6667
3898,BAL,21.4000
3898,NO,17.5000
3899,CHI,27.6667
3899,DET,22.8182
3900,DAL,24.5000
3900,PHI,30.9167
3901,SEA,32.9000
3901,SF,20.5000
3902,BUF,38.0769
3902,CLE,22.9286
3903,IND,22.7692
3903,WAS,33.0000
3904,OAK,17.2000
3904,STL,39.5714
3905,CAR,22.4167
3905,MIN,33.6667
3906,NO,29.6364
3906,PIT,21.9167
3907,CIN,28.5000
3907,TB,32.6667
3908,JAC,26.0000
3908,NYG,26.2308
3909,BAL,37.1111
3909,SD,22.1111
3910,HOU,36.5385
3910,TEN,24.8333
3911,ARI,19.1000
3911,ATL,35.0000
3912,GB,26.4444
3912,NE,26.4444
3913,DEN,43.6923
3913,KC,32.0000
3914,MIA,29.9091
3914,NYJ,27.8000
3915,CHI,22.6364
3915,DAL,40.0000
3916,CIN,23.0714
3916,PIT,27.7143
3917,CLE,30.8667
3917,IND,22.1176
3918,DET,34.9167
3918,TB,23.1667
3919,NYG,35.5385
3919,TEN,21.7692
3920,BAL,19.8000
3920,MIA,28.3000
3921,MIN,23.6364
3921,NYJ,31.3333
3922,CAR,33.7500
3922,NO,24.0833
3923,STL,36.3000
3923,WAS,19.3000
3924,HOU,32.8182
3924,JAC,25.3636
3925,BUF,19.3636
3925,DEN,41.9091
3926,ARI,32.4545
3926,KC,20.9091
3927,OAK,31.5000
3927,SF,24.1818
3928,PHI,29.1667
3928,SEA,28.3077
3929,NE,34.7692
3929,SD,16.6667
3930,ATL,26.3000
3930,GB,35.4000
3931,ARI,29.6154
3931,STL,20.0769
3932,ATL,20.8889
3932,PIT,23.2500
3933,BUF,34.7692
3933,GB,20.5385
3934,CIN,35.2000
3934,CLE,20.2000
3935,DET,37.1000
3935,MIN,26.5000
3936,HOU,20.1667
3936,IND,29.2143
3937,KC,40.6000
3937,OAK,22.0625
3938,MIA,25.9167
3938,NE,36.0000
3939,NYG,35.0000
3939,WAS,23.2500
3940,CAR,39.5455
3940,TB,17.9091
3941,BAL,24.7500
3941,JAC,32.0000
3942,NYJ,23.0000
3942,TEN,26.5833
3943,DEN,30.4545
3943,SD,28.1000
3944,SEA,28.5556
3944,SF,17.8750
3945,DAL,36.1538
3945,PHI,26.7273
3946,CHI,23.1538
3946,NO,36.5385
3947,JAC,23.7000
3947,TEN,24.5455
3948,SD,23.4167
3948,SF,30.7692
3949,PHI,29.0000
3949,WAS,30.4000
3950,CHI,25.9000
3950,DET,29.5000
3951,MIA,23.3636
3951,MIN,36.3636
3952,ATL,28.0000
3952,NO,24.8182
3953,NE,29.6364
3953,NYJ,28.7000
3954,KC,28.7143
3954,PIT,23.6250
3955,GB,34.1000
3955,TB,23.1000
3956,CAR,23.0000
3956,CLE,27.3000
3957,BAL,24.2353
3957,HOU,42.2500
3958,NYG,33.8333
3958,STL,28.8182
3959,DAL,42.2000
3959,IND,22.1818
3960,BUF,25.7857
3960,OAK,32.5000
3961,ARI,24.6923
3961,SEA,25.6923
3962,CIN,38.6429
3962,DEN,22.8571
3963,ATL,23.5455
3963,CAR,28.7778
3964,DET,25.9167
3964,GB,32.7000
3965,IND,40.0000
3965,TEN,26.2857
3966,KC,33.8333
3966,SD,26.6667
3967,MIA,24.6154
3967,NYJ,35.9231
3968,CHI,32.7778
3968,MIN,31.4000
3969,BUF,30.8000
3969,NE,26.4000
3970,NYG,21.7143
3970,PHI,28.8571
3971,NO,30.0000
3971,TB,27.9000
3972,DAL,29.9231
3972,WAS,27.6154
3973,BAL,31.5000
3973,CLE,17.3333
3974,HOU,21.8462
3974,JAC,24.3636
3975,DEN,33.5385
3975,OAK,20.8462
3976,ARI,20.1111
3976,SF,25.4000
3977,SEA,27.7273
3977,STL,30.8182
3978,CIN,29.7500
3978,PIT,33.8182
3979,ARI,34.9333
3979,CAR,37.7143
3980,BAL,28.9091
3980,PIT,25.9000
3981,CIN,22.6667
3981,IND,27.3333
3982,DAL,32.6000
3982,DET,18.0000
3983,BAL,26.5833
3983,NE,28.0000
3984,CAR,16.6000
3984,SEA,35.0000
3985,DAL,24.8750
3985,GB,31.6667
3986,DEN,24.6667
3986,IND,30.9091
3987,GB,38.6923
3987,SEA,25.8667
3988,IND,21.9091
3988,NE,46.0909
3989,NE,24.6364
3989,SEA,24.1818
3990,NE,21.5556
3990,PIT,21.8889
3991,CHI,25.7500
3991,GB,30.4444
3992,HOU,19.0714
3992,KC,40.0000
3993,CLE,24.8000
3993,NYJ,40.0000
3994,BUF,35.3636
3994,IND,18.6000
3995,MIA,26.4444
3995,WAS,27.5000
3996,CAR,34.4167
3996,JAC,27.6667
3997,SEA,28.0000
3997,STL,25.8182
3998,ARI,30.2500
3998,NO,21.7273
3999,DET,29.2727
3999,SD,29.4167
4000,TB,26.1667
4000,TEN,35.7000
4001,CIN,30.3333
4001,OAK,27.2500
4002,BAL,24.6364
4002,DEN,22.8182
4003,DAL,20.2727
4003,NYG,30.9000
4004,ATL,31.8462
4004,PHI,24.9231
4005,MIN,27.4000
4005,SF,30.1111
4006,DEN,29.4615
4006,KC,22.1538
4007,CAR,26.6667
4007,HOU,24.8571
4008,PIT,26.1818
4008,SF,19.7000
4009,NO,28.1538
4009,TB,36.0833
4010,DET,17.8000
4010,MIN,43.0909
4011,ARI,30.5000
4011,CHI,30.3846
4012,BUF,26.5385
4012,NE,36.8000
4013,CIN,35.1667
4013,SD,26.0000
4014,CLE,33.4545
4014,TEN,19.4167
4015,ATL,19.2000
4015,NYG,28.5000
4016,STL,28.2500
4016,WAS,25.5000
4017,JAC,26.9231
4017,MIA,23.1667
4018,BAL,23.6364
4018,OAK,26.3636
4019,DAL,27.6667
4019,PHI,27.5833
4020,GB,25.9091
4020,SEA,26.4000
4021,IND,20.9091
4021,NYJ,32.8182
4022,NYG,38.0000
4022,WAS,18.0000
4023,ATL,27.3636
4023,DAL,25.9000
4024,IND,28.6154
4024,TEN,32.1538
4025,CLE,22.8000
4025,OAK,23.0000
4026,BAL,20.4000
4026,CIN,35.1667
4027,JAC,19.8000
4027,NE,32.0000
4028,CAR,21.1111
4028,NO,22.7500
4029,NYJ,31.8000
4029,PHI,25.2667
4030,HOU,25.1429
4030,TB,27.2308
4031,MIN,33.2727
4031,SD,16.9091
4032,PIT,31.6000
4032,STL,19.0000
4033,ARI,28.1818
4033,SF,22.2500
4034,BUF,23.6364
4034,MIA,28.5000
4035,CHI,21.2000
4035,SEA,27.3000
4036,DEN,28.9167
4036,DET,23.7500
4037,GB,32.6667
4037,KC,25.0000
4038,BAL,31.5000
4038,PIT,37.0667
4039,MIA,31.0769
4039,NYJ,25.8571
4040,IND,26.2308
4040,JAC,24.6154
4041,BUF,25.1429
4041,NYG,28.6000
4042,CAR,40.9231
4042,TB,28.2308
4043,PHI,31.3333
4043,WAS,22.0909
4044,CHI,28.4167
4044,OAK,32.0909
4045,ATL,31.5000
4045,HOU,23.9231
4046,CIN,33.5556
4046,KC,17.2000
4047,CLE,28.0909
4047,SD,22.6364
4048,GB,27.3000
4048,SF,22.5000
4049,ARI,26.0909
4049,STL,28.0000
4050,DEN,25.6667
4050,MIN,29.8182
4051,DAL,20.4000
4051,NO,25.3636
4052,DET,24.3000
4052,SEA,24.2727
4053,HOU,19.0000
4053,IND,30.1111
4054,CHI,18.8333
4054,KC,27.5455
4055,CIN,25.9231
4055,SEA,18.7500
4056,ATL,28.1000
4056,WAS,29.1818
4057,JAC,23.0909
4057,TB,37.4545
4058,NO,23.9286
4058,PHI,37.1538
4059,BAL,27.8333
4059,CLE,24.2308
4060,GB,30.1538
4060,STL,32.3077
4061,BUF,20.4000
4061,TEN,29.4545
4062,ARI,36.9286
4062,DET,21.0769
4063,DAL,18.3333
4063,NE,34.1667
4064,DEN,32.7273
4064,OAK,21.0000
4065,NYG,23.4444
4065,SF,20.7000
4066,PIT,28.2500
4066,SD,17.8333
4067,ATL,24.9167
4067,NO,35.3636
4068,NYJ,30.7692
4068,WAS,28.5833
4069,ARI,25.1667
4069,PIT,27.7500
4070,KC,22.0000
4070,MIN,28.2500
4071,BUF,15.3000
4071,CIN,40.5455
4072,CHI,34.7143
4072,DET,20.0000
4073,CLE,34.1875
4073,DEN,24.6250
4074,HOU,23.0000
4074,JAC,24.9091
4075,MIA,24.5000
4075,TEN,33.6667
4076,CAR,22.7692
4076,SEA,28.4615
4077,GB,24.9000
4077,SD,18.4000
4078,BAL,24.6364
4078,SF,29.3636
4079,IND,18.4167
4079,NE,28.7692
4080,NYG,24.6154
4080,PHI,27.0000
4081,SEA,27.0000
4081,SF,19.6364
4082,BUF,27.3846
4082,JAC,25.1538
4083,TB,20.7778
4083,WAS,28.2727
4084,ATL,24.8333
4084,TEN,30.1818
4085,IND,21.0000
4085,NO,29.8235
4086,DET,26.5455
4086,MIN,25.4167
4087,KC,30.4000
4087,PIT,26.7000
4088,CLE,21.0000
4088,STL,32.8333
4089,HOU,26.1429
4089,MIA,27.7143
4090,NE,38.3000
4090,NYJ,22.0000
4091,OAK,49.1667
4091,SD,17.0833
4092,DAL,25.5000
4092,NYG,27.4000
4093,CAR,33.8462
4093,PHI,25.3846
4094,ARI,27.0909
4094,BAL,30.9000
4095,MIA,19.9231
4095,NE,34.0833
4096,DET,17.0833
4096,KC,43.0833
4097,ATL,26.5000
4097,TB,29.5000
4098,ARI,29.3846
4098,CLE,32.5000
4099,SF,22.0000
4099,STL,26.0000
4100,NO,28.0000
4100,NYG,26.5455
4101,CHI,25.9000
4101,MIN,25.6000
4102,BAL,25.2000
4102,SD,19.2222
4103,CIN,35.9167
4103,PIT,20.1667
4104,HOU,34.0000
4104,TEN,24.1538
4105,NYJ,23.7273
4105,OAK,23.5833
4106,DAL,27.5000
4106,SEA,25.9000
4107,DEN,22.0000
4107,GB,19.2222
4108,CAR,33.6250
4108,IND,29.4706
4109,CIN,24.9000
4109,CLE,25.4444
4110,CAR,28.2000
4110,GB,28.8125
4111,NE,29.2727
4111,WAS,23.7778
4112,NO,23.5000
4112,TEN,26.3077
4113,BUF,29.6667
4113,MIA,15.1111
4114,MIN,29.1429
4114,STL,24.0714
4115,JAC,25.2308
4115,NYJ,38.7333
4116,OAK,30.5333
4116,PIT,28.0000
4117,NYG,30.5455
4117,TB,26.6364
4118,ATL,33.5455
4118,SF,19.6667
4119,DEN,23.9000
4119,IND,26.5455
4120,DAL,24.1000
4120,PHI,18.4545
4121,CHI,32.2000
4121,SD,21.2222
4122,BUF,30.3571
4122,NYJ,27.8462
4123,DET,34.1667
4123,GB,21.5714
4124,DAL,27.2000
4124,TB,20.6364
4125,CAR,31.3000
4125,TEN,20.5000
4126,CHI,36.6154
4126,STL,29.2857
4127,NO,20.2727
4127,WAS,29.8000
4128,MIA,24.5000
4128,PHI,28.0000
4129,CLE,23.9091
4129,PIT,28.1818
4130,BAL,30.3846
4130,JAC,27.0714
4131,MIN,29.5000
4131,OAK,24.3636
4132,NE,26.1667
4132,NYG,27.0000
4133,DEN,18.3077
4133,KC,47.5000
4134,ARI,30.2143
4134,SEA,30.0833
4135,CIN,20.2727
4135,HOU,26.3333
4136,JAC,38.4545
4136,TEN,19.4167
4137,DET,20.0000
4137,OAK,25.7778
4138,ATL,22.6923
4138,IND,27.4167
4139,HOU,29.1429
4139,NYJ,26.4286
4140,PHI,21.3333
4140,TB,25.8333
4141,CHI,21.9091
4141,DEN,27.9167
4142,GB,30.4167
4142,MIN,28.9167
4143,BAL,31.5000
4143,STL,32.0000
4144,DAL,20.3000
4144,MIA,30.5455
4145,CAR,35.9231
4145,WAS,26.0833
4146,SEA,27.2727
4146,SF,17.8000
4147,KC,31.8000
4147,SD,15.3636
4148,ARI,31.3333
4148,CIN,24.9167
4149,BUF,23.0769
4149,NE,28.6923
4150,DET,30.2727
4150,PHI,25.0833
4151,CAR,36.7778
4151,DAL,25.9000
4152,CHI,30.0000
4152,GB,26.8333
4153,HOU,29.0909
4153,NO,25.0000
4154,CIN,22.4545
4154,STL,25.1667
4155,ATL,24.6667
4155,MIN,28.5556
4156,NYG,22.3846
4156,WAS,27.7692
4157,IND,32.5000
4157,TB,18.8000
4158,BUF,26.4000
4158,KC,30.0909
4159,OAK,28.6667
4159,TEN,28.4167
4160,JAC,32.2500
4160,SD,29.6667
4161,MIA,30.2143
4161,NYJ,32.3077
4162,ARI,28.4000
4162,SF,21.8889
4163,PIT,22.1538
4163,SEA,35.3846
4164,DEN,24.0667
4164,NE,32.2667
4165,BAL,24.8000
4165,CLE,28.6364
4166,DET,28.4167
4166,GB,26.1538
4167,NYG,31.6364
4167,NYJ,19.9167
4168,ARI,17.0833
4168,STL,24.7692
4169,ATL,26.0000
4169,TB,29.9000
4170,CAR,27.2143
4170,NO,27.9167
4171,MIN,21.3333
4171,SEA,36.7000
4172,BUF,29.7500
4172,HOU,24.6923
4173,BAL,26.6154
4173,MIA,22.6667
4174,CIN,42.3333
4174,CLE,21.5000
4175,JAC,30.0833
4175,TEN,26.0909
4176,CHI,34.6154
4176,SF,22.3077
4177,DEN,35.4545
4177,SD,22.7273
4178,KC,39.0000
4178,OAK,30.1538
4179,NE,23.4000
4179,PHI,32.8182
4180,IND,41.6154
4180,PIT,23.0909
4181,DAL,32.5833
4181,WAS,33.9091
4182,ARI,24.7000
4182,MIN,21.2222
4183,BUF,25.3077
4183,PHI,27.2857
4184,CLE,25.6667
4184,SF,31.3636
4185,DET,21.8333
4185,STL,24.4000
4186,NO,28.8000
4186,TB,20.0000
4187,NYJ,31.4000
4187,TEN,19.3636
4188,CIN,17.8182
4188,PIT,34.2000
4189,BAL,24.2000
4189,SEA,27.5000
4190,IND,24.8667
4190,JAC,28.9231
4191,KC,25.1250
4191,SD,25.2222
4192,CHI,26.4000
4192,WAS,22.3636
4193,ATL,26.6667
4193,CAR,29.1667
4194,DEN,20.1538
4194,OAK,42.2000
4195,DAL,19.5833
4195,GB,29.3333
4196,HOU,25.2308
4196,NE,35.2500
4197,MIA,34.5000
4197,NYG,20.8333
4198,STL,37.4167
4198,TB,19.0000
4199,DAL,29.9167
4199,NYJ,28.3077
4200,CHI,31.9091
4200,MIN,33.2222
4201,ATL,35.5833
4201,JAC,20.7273
4202,HOU,27.0000
4202,IND,33.4545
4203,CAR,24.4000
4203,NYG,34.0000
4204,NE,33.3636
4204,TEN,28.3571
4205,BUF,19.9000
4205,WAS,29.2000
4206,BAL,24.5833
4206,KC,29.7000
4207,CLE,25.1429
4207,SEA,24.8750
4208,GB,41.3571
4208,OAK,21.8571
4209,DEN,25.4000
4209,PIT,35.7333
4210,MIA,22.0000
4210,SD,33.3636
4211,CIN,34.9286
4211,SF,30.8750
4212,ARI,28.4167
4212,PHI,25.1667
4213,DET,35.2000
4213,NO,25.2727
4214,OAK,34.1429
4214,SD,24.5385
4215,PHI,25.3571
4215,WAS,27.4286
4216,NE,21.1000
4216,NYJ,22.7273
4217,HOU,25.1429
4217,TEN,29.0769
4218,CLE,26.4000
4218,KC,31.3333
4219,IND,21.6000
4219,MIA,19.8889
4220,BAL,33.0909
4220,PIT,19.0909
4221,JAC,24.5455
4221,NO,28.3000
4222,DET,38.4545
4222,SF,18.1000
4223,BUF,30.7000
4223,DAL,28.8889
4224,CHI,34.4545
4224,TB,25.2500
4225,ATL,26.8889
4225,CAR,26.5000
4226,SEA,31.0000
4226,STL,26.5455
4227,ARI,29.5455
4227,GB,25.3846
4228,MIN,44.4286
4228,NYG,23.0000
4229,CIN,24.8182
4229,DEN,25.4545
4230,BUF,34.2500
4230,NYJ,25.7500
4231,MIA,29.5833
4231,NE,23.5833
4232,ATL,17.5000
4232,NO,26.4444
4233,BAL,25.9167
4233,CIN,33.8333
4234,CLE,36.0000
4234,PIT,35.0000
4235,HOU,24.1667
4235,JAC,34.7692
4236,IND,26.2500
4236,TEN,28.9231
4237,DAL,18.5000
4237,WAS,30.8462
4238,NYG,32.0000
4238,PHI,20.0000
4239,CHI,32.7778
4239,DET,22.6000
4240,KC,29.4167
4240,OAK,25.3636
4241,DEN,29.1333
4241,SD,28.7857
4242,ARI,18.1818
4242,SEA,46.7273
4243,SF,27.5385
4243,STL,27.5833
4244,CAR,38.8182
4244,TB,23.3000
4245,GB,24.7500
4245,MIN,27.5556
4246,HOU,19.2500
4246,KC,34.3636
4247,CIN,31.0667
4247,PIT,24.2857
4248,MIN,32.0909
4248,SEA,26.1818
4249,GB,25.8462
4249,WAS,28.3846
4250,KC,28.4444
4250,NE,30.0000
4251,ARI,33.5455
4251,GB,18.8000
4252,CAR,31.0000
4252,SEA,27.0909
4253,DEN,36.2857
4253,PIT,20.3846
4254,DEN,33.6667
4254,NE,27.4667
4255,ARI,25.6923
4255,CAR,33.2308
4256,CAR,26.0625
4256,DEN,34.2143
