Program,Year,ResponsiveRev,TwoStars,ThreeStars,FourStars,FiveStars,srs,lagged_srs,stateunemp,stadium_cap,stadium_years_open,stadium_years_rennovation,num_homegames,coach_experience,conf_coy,nat_coy,coach_years_at_school,new_coach,pop/d1prog,hs_grad_pct,pro_team_per_million,spring_practice,num_jcs,power
Alabama,2010,44610269,6,38,58,8,18.31,23.69,10.54,92138,81,0,7,14,1,1,3,0,1196394.75,86.9,0,1,0,1
Alabama,2011,48357063,3,32,62,11,24.44,18.31,9.62,101821,82,1,7,15,1,1,4,0,1199662.25,85.2,0,1,0,1
Alabama,2012,50950527,1,33,57,11,24.51,24.44,7.98,92138,83,2,7,16,1,1,5,0,962789.2,86.33,0,1,0,1
Alabama,2013,56992434,1,32,56,11,20.06,24.51,7.22,101821,84,3,7,17,1,1,6,0,965532,86.59,0,1,0,1
Alabama,2014,72449359,1,29,54,16,20.34,20.06,6.77,101821,85,4,7,18,1,1,7,0,968007.4,86.86,0,1,0,1
Arizona,2010,15642452,20,55,16,0,8.14,6.98,10.35,57803,82,22,6,6,0,0,7,0,3203501,86.96,0.624316958,1,7,1
Arizona,2011,15887526,19,61,13,0,-1.46,8.14,9.5,57000,83,23,7,7,0,0,8,0,3232744,86,0.618669465,1,7,1
Arizona,2012,15291085,17,66,10,0,9.38,-1.46,8.33,57803,84,24,8,10,1,0,0,1,3272105.5,86.22,0.611227236,1,7,1
Arizona,2013,16205598,18,67,9,0,12.6,9.38,7.74,56037,85,0,6,11,1,0,1,0,3308062,85.95,0.60458359,1,7,1
Arizona,2014,54878978,21,66,11,0,11.9,12.6,6.78,56037,86,1,7,12,1,0,2,0,3353217.5,86.15,0.596442074,1,7,1
Arizona State,2010,23086859,21,61,17,1,8.42,0.71,10.35,73656,52,7,6,17,1,0,3,0,3203501,86.96,0.624316958,1,7,1
Arizona State,2011,21314268,21,56,17,1,5.1,8.42,9.5,73656,53,8,7,18,1,0,4,0,3232744,86,0.618669465,1,7,1
Arizona State,2012,24168463,24,52,14,1,9,5.1,8.33,73656,54,9,6,6,1,0,0,1,3272105.5,86.22,0.611227236,1,7,1
Arizona State,2013,23887913,23,58,13,0,17.5,9,7.74,73656,55,10,7,7,1,0,1,0,3308062,85.95,0.60458359,1,7,1
Arizona State,2014,33381648,22,60,15,0,13.26,17.5,6.78,67704,56,0,6,8,1,0,2,0,3353217.5,86.15,0.596442074,1,7,1
Arkansas,2010,33660483,21,66,21,1,0.769,0.615,8.19,72000,72,9,6,6,1,0,3,0,1460868.5,88.64,0,1,1,1
Arkansas,2011,44625696,17,75,21,1,0.846,0.769,8.29,72000,73,10,7,7,1,0,4,0,1469320,86.2,0,1,1,1
Arkansas,2012,47710153,8,86,17,1,0.333,0.846,7.58,72000,74,11,6,12,1,0,0,1,1474604,86.87,0,1,1,1
Arkansas,2013,46515956,12,79,13,0,0.25,0.333,7.22,72000,75,12,7,7,1,0,0,1,1478390,86.63,0,1,1,1
Arkansas,2014,47887689,13,78,13,0,0.538,0.25,6.03,72000,76,13,6,8,1,0,1,0,1482400,87.6,0,1,1,1
Arkansas State,2010,564667,87,12,0,0,-7.45,-9.63,8.19,30708,36,5,5,8,1,0,8,0,1460868.5,88.64,0,1,1,0
Arkansas State,2011,523481,78,15,0,0,1.18,-7.45,8.29,30708,37,6,6,0,1,0,0,1,1469320,86.2,0,1,1,0
Arkansas State,2012,1016240,66,30,0,0,4.94,1.18,7.58,30708,38,7,6,0,1,1,0,1,1474604,86.87,0,1,1,0
Arkansas State,2013,1431031,65,30,0,0,-1.86,4.94,7.22,30708,39,8,6,0,0,0,0,1,1478390,86.63,0,1,1,0
Arkansas State,2014,2911019,66,27,0,0,-3.96,-1.86,6.03,30708,40,9,6,0,0,0,0,1,1482400,87.6,0,1,1,0
Auburn,2010,48363440,14,60,39,5,20.66,10.26,10.54,87451,71,6,8,3,1,0,1,0,1196394.75,86.9,0,1,0,1
Auburn,2011,56115166,12,55,39,6,3.8,20.66,9.62,87451,72,0,7,4,1,0,2,0,1199662.25,85.2,0,1,0,1
Auburn,2012,56241436.9,5,47,48,4,-0.92,3.8,7.98,87451,73,1,7,5,1,0,3,0,962789.2,86.33,0,1,0,1
Auburn,2013,54223803,2,44,48,6,18.8,-0.92,7.22,87451,74,2,8,1,1,1,0,1,965532,86.59,0,1,0,1
Auburn,2014,69263228,3,39,46,6,14.99,18.8,6.77,87451,75,3,7,2,1,1,1,0,968007.4,86.86,0,1,0,1
Boise State,2010,10549847,49,29,1,0,18.69,13.5,8.97,32000,40,1,6,4,1,1,4,0,1570912,90.33,0,0,0,0
Boise State,2011,11663231,35,33,1,0,16.75,18.69,8.32,33500,41,2,6,5,1,1,5,0,1583180,90,0,0,0,0
Boise State,2012,12263449,33,41,1,0,7.85,16.75,7.2,32000,42,0,6,6,1,1,6,0,1594673,90.9,0,0,0,0
Boise State,2014,23819122,39,44,2,0,10.58,3.88,4.87,36387,43,2,7,1,0,0,0,1,1610187,90.26,0,0,0,0
California,2010,15062822,15,48,23,2,5.35,4.28,12.23,71799,87,7,7,8,1,0,8,0,1630391,90.51,0,0,0,1
California,2011,16616277,12,42,28,2,4.57,5.35,11.71,45000,88,8,5,9,1,0,9,0,4709081.75,82,0.424711251,1,0,1
California,2012,12669329,10,39,30,2,-0.65,4.57,10.38,71799,89,0,7,10,1,0,10,0,4752375.75,82.27,0.420842144,1,0,1
California,2013,19227941,7,50,27,2,-8.58,-0.65,8.94,63186,90,1,7,3,1,0,0,1,4793422.875,82.41,0.417238381,1,0,1
California,2014,39216531,17,51,23,0,2.55,-8.58,7.5,62467,91,2,7,4,1,0,1,0,4837659.75,82.85,0.41342304,1,0,1
Central Michigan,2010,1955069,79,12,0,0,-9.74,4.76,12.58,30255,38,4,5,0,0,0,0,1,1975346.2,91.2,0.4049923,0,0,0
Central Michigan,2011,1607481,86,15,0,0,-11.28,-9.74,10.39,30255,39,5,5,1,0,0,1,0,1975239.8,90.9,0.405014115,0,0,0
Central Michigan,2012,1431437,82,19,0,0,-7.91,-11.28,9.13,30255,40,6,7,2,0,0,2,0,1977322,91.04,0.404587619,0,0,0
Central Michigan,2013,2787913.54,76,17,0,0,-11.97,-7.91,8.78,30255,41,7,5,3,0,0,3,0,1979843.8,91.08,0.404072281,0,0,0
Central Michigan,2014,1887439,77,14,0,0,-5.84,-11.97,7.23,30255,42,8,6,4,0,0,4,0,1982935,91.41,0.403442372,0,0,0
Clemson,2010,21713604,10,37,36,1,7.35,11.73,11.13,80301,68,4,7,2,0,0,1,0,2317917,88.95,0,1,0,1
Clemson,2011,22921272,11,40,34,5,6.54,7.35,10.54,81500,69,5,7,3,0,0,2,0,2336372,86.6,0,1,0,1
Clemson,2012,23547276,7,43,31,4,14.75,6.54,9.2,80301,70,6,7,4,0,0,3,0,2359504.5,87.31,0,1,0,1
Clemson,2013,24697728,9,49,34,4,14.98,14.75,7.62,81500,71,7,7,5,0,0,4,0,2382931,87.55,0,1,0,1
Clemson,2014,39385759,9,48,32,5,11.63,14.98,6.45,81500,72,8,7,6,0,0,5,0,2412379,87.8,0,1,0,1
Colorado,2010,18767986,30,46,14,2,0.75,-3.86,8.73,53613,86,7,6,9,1,0,4,0,1682676.333,92.11,0.792388475,0,0,1
Colorado,2011,18462312,29,45,12,1,-8.67,0.75,8.36,53613,87,8,5,0,0,0,0,1,1705470.333,91,0.781798022,0,0,1
Colorado,2012,19006821,31,56,7,0,-12.66,-8.67,7.89,53613,88,9,6,1,0,0,1,0,1728776.667,91.06,0.771258289,0,0,1
Colorado,2013,16297511,31,61,3,0,-1.99,-12.66,6.85,53613,89,10,6,3,0,0,0,1,1754185.333,90.96,0.760086924,0,0,1
Colorado,2014,21203086,34,58,3,0,-3.63,-1.99,5,53613,90,11,6,4,0,0,1,0,1780770.333,90.95,0.748739637,0,0,1
Colorado State,2010,2598888,74,24,1,0,-10.86,-9.14,8.73,32500,42,5,5,2,0,0,2,0,1682676.333,92.11,0.792388475,0,0,0
Colorado State,2011,2919883,68,34,1,0,-12.69,-10.86,8.36,32500,43,6,6,3,0,0,3,0,1705470.333,91,0.781798022,0,0,0
Colorado State,2012,3125537,66,33,1,0,-12.54,-12.69,7.89,32500,44,7,6,0,0,0,0,1,1728776.667,91.06,0.771258289,0,0,0
Colorado State,2013,2682907,68,35,1,0,-0.23,-12.54,6.85,32500,45,8,6,1,0,0,1,0,1754185.333,90.96,0.760086924,0,0,0
Colorado State,2014,9174312,75,27,0,0,5.47,-0.23,5,32500,46,9,6,2,1,0,2,0,1780770.333,90.95,0.748739637,0,0,0
Connecticut,2010,5769124,68,20,2,0,1.63,8.03,9.13,40000,7,7,6,10,0,0,10,0,3580171,92.21,0,1,0,1
Connecticut,2011,9483406,53,23,1,0,-0.42,1.63,8.83,40000,8,8,7,14,0,0,0,1,3591927,91.3,0,1,0,1
Connecticut,2012,7949473,50,29,1,0,-5.35,-0.42,8.35,40000,9,9,6,15,0,0,1,0,3597705,92.02,0,1,0,1
Connecticut,2013,5843681,46,38,0,0,-11.97,-5.35,7.81,40000,10,10,7,16,0,0,2,0,3602470,91.67,0,1,0,0
Connecticut,2014,11545999,47,32,0,0,-15.72,-11.97,6.62,40000,11,11,7,0,0,0,3,1,3600188,91.75,0,1,0,0
East Carolina,2010,7444109,65,26,0,0,-4.48,3.58,10.82,50000,47,0,6,0,0,0,0,1,1914849.4,88.06,0.313340569,1,1,0
East Carolina,2011,9267494,60,29,0,0,-5.04,-4.48,10.27,50000,48,1,6,1,0,0,1,0,1932588,87.1,0.310464517,1,1,0
East Carolina,2012,9433898,51,37,0,0,-4.23,-5.04,9.29,50000,49,2,6,2,0,0,2,0,1951059.8,87.26,0.307525172,1,1,0
East Carolina,2013,8577896,56,36,0,0,4.3,-4.23,7.96,50000,50,3,6,3,0,0,3,0,1969962.4,87.46,0.304574341,1,1,0
East Carolina,2014,12840661,69,29,0,0,2.35,4.3,6.32,50000,51,4,6,4,0,0,4,0,1656860,87.99,0.301775648,1,1,0
Florida,2010,53463277,3,21,54,15,9.3,21.15,11.03,88548,80,7,7,9,1,1,0,0,2692351.571,89.69,0.477543237,1,1,1
Florida,2011,56780183,3,22,49,11,6,9.3,9.99,88548,81,0,7,0,0,0,1,1,2728195.571,87.7,0.471269105,1,1,1
Florida,2012,57909498,2,26,47,10,17.35,6,8.48,88548,82,1,7,1,0,0,2,0,2763046.714,88.25,0.465324846,1,1,1
Florida,2013,57501850,3,33,52,9,4.67,17.35,7.23,88548,83,2,6,2,0,0,3,0,2797846.714,88.34,0.459537072,1,1,1
Florida,2014,63993697,2,39,47,6,8.12,4.67,6.27,88548,84,3,7,3,0,0,4,0,2842535.286,88.67,0.452312516,1,1,1
Florida Atlantic,2010,498517,67,6,0,0,-15.9,-9.74,11.03,29260,51,12,4,22,1,0,6,0,2692351.571,89.69,0.477543237,1,1,0
Florida Atlantic,2011,2183805,73,7,0,0,-22.63,-15.9,9.99,30000,0,0,5,23,1,0,7,0,2728195.571,87.7,0.471269105,1,1,0
Florida Atlantic,2012,4357901,73,16,0,0,-9.83,-22.63,8.48,30000,1,1,5,0,0,0,0,1,2763046.714,88.25,0.465324846,1,1,0
Florida Atlantic,2013,2008777,68,17,0,0,-3.53,-9.83,7.23,29495,2,2,5,1,0,0,1,0,2797846.714,88.34,0.459537072,1,1,0
Florida Atlantic,2014,3425430,75,20,0,0,-9.68,-3.53,6.27,29495,3,3,5,0,0,0,0,1,2842535.286,88.67,0.452312516,1,1,0
Florida International,2010,505200,62,21,1,0,-4.71,-11.15,11.03,20000,15,2,5,3,1,0,3,0,2692351.571,89.69,0.477543237,1,1,0
Florida International,2011,692047,60,29,1,0,-4.53,-4.71,9.99,20000,16,3,5,4,1,0,4,0,2728195.571,87.7,0.471269105,1,1,0
Florida International,2012,1068017,50,44,1,0,-9.1,-4.53,8.48,20000,17,0,6,5,1,0,5,0,2763046.714,88.25,0.465324846,1,1,0
Florida International,2013,712146,50,41,0,0,-23.53,-9.1,7.23,20000,18,1,6,9,1,0,0,1,2797846.714,88.34,0.459537072,1,1,0
Florida International,2014,975775,66,31,0,0,-6.95,-23.53,6.27,20000,19,2,8,10,1,0,1,0,2842535.286,88.67,0.452312516,1,1,0
Florida State,2010,13995430,13,40,39,6,14.2,6.08,11.03,82300,60,7,7,0,0,0,0,1,2692351.571,89.69,0.477543237,1,1,1
Florida State,2011,30814337,11,43,45,8,11.22,14.2,9.99,82300,61,8,7,1,0,0,1,0,2728195.571,87.7,0.471269105,1,1,1
Florida State,2012,43346132,3,40,42,9,13.56,11.22,8.48,82300,62,9,7,2,0,0,2,0,2763046.714,88.25,0.465324846,1,1,1
Florida State,2013,34556202,3,41,41,9,23.36,13.56,7.23,82300,63,10,7,3,1,1,3,0,2797846.714,88.34,0.459537072,1,1,1
Florida State,2014,55554154,5,38,45,10,14.48,23.36,6.27,82300,64,11,7,4,1,1,4,0,2842535.286,88.67,0.452312516,1,1,1
Fresno State,2010,7109538,49,34,2,0,0.18,1.34,12.23,41031,30,19,7,13,0,0,13,0,4665961.25,87.06,0.428636222,1,0,0
Fresno State,2011,8971040,42,31,2,0,-7.24,0.18,11.71,41031,31,20,6,14,0,0,14,0,4709081.75,82,0.424711251,1,0,0
Fresno State,2012,6398562,41,25,2,0,6.33,-7.24,10.38,41031,32,21,6,0,0,0,0,1,4752375.75,82.27,0.420842144,1,0,0
Fresno State,2013,6721515,47,32,1,0,5.04,6.33,8.94,41031,33,22,6,1,0,0,1,0,4793422.875,82.41,0.417238381,1,0,0
Fresno State,2014,11826399,64,23,0,0,-5.52,5.04,7.5,41031,34,23,6,2,0,0,2,0,4837659.75,82.85,0.41342304,1,0,0
Georgia,2010,49970870,4,31,48,3,6.35,9.06,10.49,92746,81,7,6,9,1,0,9,0,4856348,87.43,0.308874076,1,1,1
Georgia,2011,53433736,4,32,48,5,10.67,6.35,10.23,92746,82,8,7,10,1,0,10,0,4905297.5,86.2,0.305791851,1,1,1
Georgia,2012,54528959,4,34,41,5,17.93,10.67,9.19,92746,83,9,7,11,1,0,11,0,4955585.5,86.82,0.302688754,1,1,1
Georgia,2013,57168810,3,47,43,4,12.82,17.93,8.2,92746,84,10,6,12,1,0,12,0,3327257.667,87.11,0.300547808,1,1,1
Georgia,2014,60437055,3,45,46,5,18.84,12.82,7.1,92746,85,11,7,13,1,0,13,0,2520962.5,87.15,0.297505417,1,1,1
Georgia Tech,2010,17395259,15,50,15,0,0.8,13.54,10.49,55000,97,7,6,9,1,0,2,0,4856348,87.43,0.308874076,1,1,1
Georgia Tech,2011,15437370,17,58,8,0,3.4,0.8,10.23,55000,98,8,7,10,1,0,3,0,4905297.5,86.2,0.305791851,1,1,1
Georgia Tech,2012,19522921,11,60,9,0,5.18,3.4,9.19,55000,99,9,7,11,1,0,4,0,4955585.5,86.82,0.302688754,1,1,1
Georgia Tech,2013,14657752,12,53,8,0,7.21,5.18,8.2,55000,100,10,7,12,1,0,5,0,3327257.667,87.11,0.300547808,1,1,1
Georgia Tech,2014,27353669,13,59,4,0,15.92,7.21,7.1,55000,101,11,6,13,1,0,6,0,2520962.5,87.15,0.297505417,1,1,1
Houston,2010,3283144,62,40,3,0,-2.11,4.21,8.13,32000,69,4,6,2,1,0,2,0,2804627.556,86.67,0.316936517,1,6,0
Houston,2011,3401818,46,49,3,0,11.94,-2.11,7.76,32000,70,5,7,3,1,0,3,0,2849380.444,82.5,0.311958654,1,6,0
Houston,2012,5159892,34,61,4,0,-5.54,11.94,6.74,32000,71,6,7,0,0,0,0,1,2370757,82.62,0.306768145,1,6,0
Houston,2013,3780784,29,68,3,0,4.93,-5.54,6.25,32000,72,7,7,1,0,0,1,0,2407207.182,83.13,0.30212303,1,6,0
Houston,2014,8639184,46,52,1,0,0.85,4.93,5.11,40000,0,0,7,2,0,0,2,0,2450403.273,83.37,0.296797158,1,6,0
Illinois,2010,15331781,26,47,19,2,7.77,-3.67,10.37,62870,87,2,6,8,1,0,5,0,4280398.667,91.42,0.389371831,1,1,1
Illinois,2011,15008001,27,56,15,0,2.63,7.77,9.69,60670,88,3,8,9,1,0,6,0,4287432.667,89.1,0.388733024,1,1,1
Illinois,2012,18486263,26,54,9,0,-10.35,2.63,8.99,62870,89,4,7,3,0,0,0,1,4292831.333,89.45,0.388244153,1,1,1
Illinois,2013,15401398,28,60,4,0,-3.86,-10.35,9.04,62870,90,0,7,4,0,0,1,0,4296801,89.37,0.387885468,1,1,1
Illinois,2014,28688942,27,59,3,0,-2.53,-3.86,7.1,60670,91,1,7,5,0,0,2,0,4294146,89.73,0.388125291,1,1,1
Indiana,2010,6988615,50,34,0,0,-4.49,-5.75,10.34,52692,50,1,6,11,0,0,3,0,1622507.25,88.59,0.308165033,0,0,1
Indiana,2011,6084414,44,42,1,0,-10.91,-4.49,9.11,52929,51,2,6,0,0,0,0,1,1628839.5,89,0.306967015,0,0,1
Indiana,2012,6181441,37,54,1,0,-5.53,-10.91,8.35,52692,52,3,6,1,0,0,1,0,1633916.25,89.24,0.306013237,0,0,1
Indiana,2013,6842940,37,51,5,0,4.41,-5.53,7.63,52692,53,4,8,2,0,0,2,0,1641871,89.21,0.304530624,0,0,1
Indiana,2014,25542918,31,56,7,0,-5.32,4.41,5.96,52692,54,5,6,3,0,0,3,0,1648295.5,89.73,0.303343666,0,0,1
Iowa,2010,35140285,36,42,11,0,10.15,10.26,6.01,70585,81,4,7,11,1,1,11,0,1525111.5,93.18,0,0,3,1
Iowa,2011,31318039,35,47,10,0,4.38,10.15,5.53,70585,82,5,7,12,1,1,12,0,1531845,92.7,0,0,3,1
Iowa,2012,34543227,28,49,14,0,-2.62,4.38,5.03,70585,83,6,7,13,1,1,13,0,1537193,93.22,0,0,3,1
Iowa,2013,39690469,20,61,12,0,7.31,-2.62,4.73,70585,84,7,7,14,1,1,14,0,1544938,92.97,0,0,3,1
Iowa,2014,25355079,22,59,10,0,1.37,7.31,4.24,70585,85,8,7,15,1,1,15,0,1552781.5,93.43,0,0,3,1
Iowa State,2010,11188287,54,44,5,0,0.43,-0.96,6.01,55000,35,3,7,1,0,0,1,0,1525111.5,93.18,0,0,3,1
Iowa State,2011,11992752,48,50,4,0,2.12,0.43,5.53,55000,36,4,6,2,0,0,2,0,1531845,92.7,0,0,3,1
Iowa State,2012,13116611,36,59,3,0,5.4,2.12,5.03,55000,37,5,7,3,0,0,3,0,1537193,93.22,0,0,3,1
Iowa State,2013,13683254,36,59,3,0,-3.57,5.4,4.73,55000,38,6,6,4,0,0,4,0,1544938,92.97,0,0,3,1
Iowa State,2014,28774274,39,54,2,0,-8.64,-3.57,4.24,56800,39,7,7,5,0,0,5,0,1552781.5,93.43,0,0,3,1
Kansas,2010,9686177,17,61,9,0,-8.61,0.88,7.06,50250,89,4,7,4,1,0,0,1,1429201.5,90,0,0,8,1
Kansas,2011,9350631,12,69,10,0,-4.75,-8.61,6.49,50250,90,5,6,5,1,0,1,0,1434378,91.1,0,0,8,1
Kansas,2012,6627550,18,66,8,0,-6.7,-4.75,5.73,50250,91,6,6,5,0,1,0,1,1442658,91.05,0,0,8,1
Kansas,2013,5582357,18,67,6,0,-8.58,-6.7,5.31,50250,92,7,7,6,0,1,1,0,1446450,90.89,0,0,8,1
Kansas,2014,34269514,22,68,5,0,-6.86,-8.58,4.53,50250,93,0,6,7,0,1,2,0,1449776.5,91.05,0,0,8,1
Kent State,2010,488508,80,14,2,0,-8.82,-10.69,10.24,25000,41,2,6,6,0,0,7,0,1442410.25,91.98,0.519963027,0,1,0
Kent State,2011,620577,73,13,2,0,-6.03,-8.82,8.85,25000,42,3,6,0,0,0,0,1,1442916.5,90.7,0.519780597,0,1,0
Kent State,2012,454222,71,16,1,0,2.75,-6.03,7.41,25000,43,4,5,1,0,0,1,0,1443371.125,91.01,0.51961688,0,1,0
Kent State,2013,1033720,73,13,0,0,-9.6,2.75,7.43,25000,44,5,5,0,0,0,0,1,1445980.625,90.96,0.518679149,0,1,0
Kent State,2014,1210295,74,8,0,0,-13.04,-9.6,5.8,25000,45,6,6,1,0,0,1,0,1449217.625,91.02,0.517520617,0,1,0
Kentucky,2010,16877206,48,50,6,0,1.88,6.03,10.17,67606,37,11,7,0,0,0,0,1,2173974,90.51,0,1,0,1
Kentucky,2011,18336831,32,62,6,0,-1.63,1.88,9.38,67606,38,12,7,1,0,0,1,0,2184252.5,86.8,0,1,0,1
Kentucky,2012,17733703,25,75,6,0,-5.29,-1.63,8.17,67606,39,13,7,2,0,0,2,0,2191836.5,87.33,0,1,0,1
Kentucky,2013,14570046,18,77,6,0,-3.51,-5.29,8.02,67606,40,14,7,0,0,0,0,1,2199560.5,87.11,0,1,0,1
Kentucky,2014,37208774,11,76,15,0,1.55,-3.51,6.46,67606,41,15,7,1,0,0,1,0,2205207.5,87.31,0,1,0,1
Louisiana Tech,2010,1343992,61,27,0,0,-3.7,-2.97,7.95,30600,42,2,7,0,0,0,0,1,908974.2,87,0.440056494,1,0,0
Louisiana Tech,2011,1647757,53,38,0,0,2.04,-3.7,7.83,30600,43,3,5,1,1,0,1,0,914877.6,84.8,0.437216957,1,0,0
Louisiana Tech,2012,1598378,47,43,0,0,6.33,2.04,7.09,30600,44,4,6,2,1,0,2,0,920536.2,85.22,0.434529354,1,0,0
Louisiana Tech,2013,2736585,44,41,0,0,-15.66,6.33,6.68,30600,45,5,5,8,0,0,0,1,925359,84.92,0.432264667,1,0,0
Louisiana Tech,2014,4797749,55,35,0,0,5.46,-15.66,6.38,27717,46,6,5,9,0,0,1,0,929759.4,85.18,0.430218829,1,0,0
Louisville,2010,10882533,45,47,7,1,2.71,-4.01,10.17,42000,12,12,7,0,1,0,0,1,2173974,90.51,0,1,0,1
Louisville,2011,19526387,42,52,9,0,2.38,2.71,9.38,55000,13,13,6,1,1,0,1,0,2184252.5,86.8,0,1,0,1
Louisville,2012,17009600,31,57,11,0,5.88,2.38,8.17,42000,14,14,7,2,1,0,2,0,2191836.5,87.33,0,1,0,1
Louisville,2013,20469112,13,63,12,0,9.99,5.88,8.02,55000,15,15,7,3,1,0,3,0,2199560.5,87.11,0,1,0,1
Louisville,2014,44244928,10,67,9,0,10.52,9.99,6.46,55000,16,16,6,9,1,0,0,1,2205207.5,87.31,0,1,0,1
LSU,2010,54345722,0,40,56,9,15.13,12.7,7.95,92400,86,4,7,9,0,0,5,0,908974.2,87,0.440056494,1,0,1
LSU,2011,53991160,1,44,47,10,24.27,15.13,7.83,92400,87,0,6,10,1,1,6,0,914877.6,84.8,0.437216957,1,0,1
LSU,2012,50408363,3,43,45,8,14.76,24.27,7.09,92400,88,1,8,11,1,1,7,0,920536.2,85.22,0.434529354,1,0,1
LSU,2013,57726521,3,43,49,6,14.59,14.76,6.68,92400,89,2,7,12,1,1,8,0,925359,84.92,0.432264667,1,0,1
LSU,2014,83798058,4,37,49,7,10.75,14.59,6.38,102321,90,3,7,13,1,1,9,0,929759.4,85.18,0.430218829,1,0,1
Marshall,2010,3528876,65,32,1,0,-9.73,-3.35,8.63,38019,19,10,6,0,0,0,0,1,927157.5,90.66,0,0,0,0
Marshall,2011,4738758,54,41,1,0,-4.59,-9.73,8.06,38019,20,11,5,1,0,0,1,0,927445.5,87.7,0,0,0,0
Marshall,2012,4311967,49,43,2,0,-6.04,-4.59,7.49,38019,21,12,6,2,0,0,2,0,927680,87.87,0,0,0,0
Marshall,2013,3779981,43,43,5,0,3.07,-6.04,6.79,38019,22,0,6,3,0,0,3,0,926166.5,87.45,0,0,0,0
Marshall,2014,6688545,42,46,4,0,12.55,3.07,6.64,38019,23,1,7,4,0,0,4,0,923812,88.49,0,0,0,0
Maryland,2010,6741759,18,52,19,1,7.02,-6.6,7.65,51500,60,2,7,9,1,1,9,0,2894049.5,90.57,1.036609775,0,0,1
Maryland,2011,4636593,14,54,17,0,-8.22,7.02,7.25,51500,61,3,8,12,1,0,0,1,2921557.5,90.9,1.026849549,0,0,1
Maryland,2012,7411225,18,61,13,1,-6.59,-8.22,6.97,51500,62,4,6,13,1,0,1,0,2945840,90.81,1.018385248,0,0,1
Maryland,2013,7875757,21,55,11,2,0.64,-6.59,6.57,51802,63,5,6,14,1,0,2,0,2966327,90.67,1.011351749,0,0,1
Maryland,2014,18025236,23,50,10,3,1.58,0.64,5.81,51802,64,6,6,15,1,0,3,0,2985122.5,90.77,1.004983883,0,0,1
Memphis,2010,3508291,57,35,2,0,-19.43,-12.06,9.63,62380,45,23,6,0,0,0,0,1,1588970.5,89.79,0.472003728,1,0,0
Memphis,2011,3135194,51,47,2,0,-18.17,-19.43,8.97,61000,46,24,6,1,0,0,1,0,1599070.25,87.5,0.469022546,1,0,0
Memphis,2012,2345126,54,51,2,0,-11.09,-18.17,7.83,62380,47,25,6,0,0,0,0,1,1612658,87.99,0.465070709,1,0,0
Memphis,2013,2434823,63,48,1,0,-7.41,-11.09,7.73,59308,48,26,7,1,0,0,1,0,1622698.75,88,0.462192998,1,0,0
Memphis,2014,13732984,69,38,0,0,7.22,-7.41,6.59,59308,49,27,6,2,1,0,2,0,1635001.75,88.3,0.458715105,1,0,0
Michigan,2010,55386135,5,44,41,3,1.41,-1.51,12.58,109901,83,0,7,9,1,0,2,0,1975346.2,91.2,0.4049923,0,0,1
Michigan,2011,60121624,5,45,42,1,16.27,1.41,10.39,109901,84,1,8,8,1,0,0,1,1975239.8,90.9,0.405014115,0,0,1
Michigan,2012,71536996,4,52,35,3,10.01,16.27,9.13,109901,85,2,6,9,1,0,1,0,1977322,91.04,0.404587619,0,0,1
Michigan,2014,83951859,3,43,38,4,1.82,5.53,7.23,109901,87,4,7,11,1,0,3,0,1982935,91.41,0.403442372,0,0,1
Michigan State,2010,29962391,23,47,18,1,9.91,2.52,12.58,75005,87,5,8,6,1,0,3,0,1975346.2,91.2,0.4049923,0,0,1
Michigan State,2011,28681179,17,52,17,1,10.05,9.91,10.39,75005,88,6,7,7,1,0,4,0,1975239.8,90.9,0.405014115,0,0,1
Michigan State,2012,32231390,13,53,19,1,6.21,10.05,9.13,75005,89,7,7,8,1,0,5,0,1977322,91.04,0.404587619,0,0,1
Michigan State,2013,36205883,11,56,12,1,14.74,6.21,8.78,75005,90,8,7,9,1,0,6,0,1979843.8,91.08,0.404072281,0,0,1
Michigan State,2014,48844210,8,57,14,1,16.07,14.74,7.23,75005,91,0,7,10,1,0,7,0,1982935,91.41,0.403442372,0,0,1
Middle Tennessee State,2010,1062416,80,18,1,0,-10.59,1.1,9.63,31000,77,12,6,4,1,0,4,0,1588970.5,89.79,0.472003728,1,0,0
Middle Tennessee State,2011,1557972,68,25,1,0,-18.86,-10.59,8.97,31000,78,13,6,5,1,0,5,0,1599070.25,87.5,0.469022546,1,0,0
Middle Tennessee State,2012,1363045,68,22,0,0,-2.45,-18.86,7.83,31000,79,14,5,6,1,0,6,0,1612658,87.99,0.465070709,1,0,0
Middle Tennessee State,2013,769506,66,25,0,0,-3.71,-2.45,7.73,31000,80,15,6,7,1,0,7,0,1622698.75,88,0.462192998,1,0,0
Middle Tennessee State,2014,3663945,71,19,0,0,-3.52,-3.71,6.59,31000,81,16,6,8,1,0,8,0,1635001.75,88.3,0.458715105,1,0,0
Minnesota,2010,15224399,27,59,13,0,-5.06,-0.1,7.39,50000,1,1,7,3,0,0,3,0,5310711,93.38,0.753194817,0,10,1
Minnesota,2011,14549234,19,70,12,0,-6.04,-5.06,6.49,50805,2,2,7,3,0,0,0,1,5345967,93.7,0.748227589,0,10,1
Minnesota,2012,15243439,22,72,5,0,-3.25,-6.04,5.61,50000,3,3,7,4,0,0,1,0,5377695,94.04,0.743813102,0,10,1
Minnesota,2013,14623569,25,71,2,0,5.27,-3.25,4.96,50805,4,4,7,5,0,0,2,0,5416074,93.76,0.738542346,0,10,1
Minnesota,2014,24356417,28,65,1,0,6.74,5.27,4.17,52525,5,5,7,6,1,0,3,0,5452649,93.87,0.73358839,0,10,1
Mississippi,2010,14374369,24,65,24,2,-1.83,11.5,10.36,60580,95,8,7,13,1,0,2,0,742609.25,87.46,0,1,14,1
Mississippi,2011,14975871,22,74,23,3,-6.71,-1.83,9.98,60580,96,9,7,14,1,0,3,0,744363,83.4,0,1,14,1
Mississippi,2012,15597756,13,73,23,2,8.43,-6.71,9,60580,97,10,8,1,1,0,0,1,745740.75,85.03,0,1,14,1
Mississippi,2013,26185134,7,66,24,4,10.42,8.43,8.53,60580,98,11,7,2,1,0,1,0,746930.25,84.95,0,1,14,1
Mississippi,2014,32611112,6,67,23,4,16.8,10.42,7.5,60580,99,12,7,3,1,0,2,0,747144.5,85.11,0,1,14,1
Mississippi State,2010,8286178,42,51,20,0,9.11,5.76,10.36,55082,96,8,7,1,0,0,1,0,742609.25,87.46,0,1,14,1
Mississippi State,2011,8009941,26,59,17,0,5.13,9.11,9.98,55082,97,9,6,2,0,0,2,0,744363,83.4,0,1,14,1
Mississippi State,2012,9701594,13,73,17,0,6.15,5.13,9,55082,98,10,7,3,0,0,3,0,745740.75,85.03,0,1,14,1
Mississippi State,2013,10369598,12,72,12,1,7.72,6.15,8.53,55082,99,11,7,4,0,0,4,0,746930.25,84.95,0,1,14,1
Mississippi State,2014,25010172,12,73,9,1,15.04,7.72,7.5,61337,100,12,7,5,0,0,5,0,747144.5,85.11,0,1,14,1
Missouri,2010,17443619,20,63,14,2,13.98,4.33,9.58,68349,83,1,6,19,1,0,9,0,5995681,91.19,0.667146901,0,0,1
Missouri,2011,16291266,13,63,11,2,11.08,13.98,8.49,68349,84,2,6,20,1,0,10,0,6010280,89.7,0.665526398,0,0,1
Missouri,2012,15144154,9,63,10,2,5.54,11.08,6.98,68349,85,3,7,21,1,0,11,0,6023267,89.94,0.664091431,0,0,1
Missouri,2013,18234939,3,66,10,1,19.97,5.54,6.73,68349,86,4,7,22,1,0,12,0,6041142,90.69,0.662126465,0,0,1
Missouri,2014,39650824,11,68,5,1,12.02,19.97,6.13,68349,87,0,7,23,1,0,13,0,6058014,90.46,0.660282396,0,0,1
Nebraska,2010,37775466,10,61,25,1,12.85,11.41,4.63,81067,87,4,7,2,0,0,2,0,1829956,92.02,0,0,0,1
Nebraska,2011,40002974,11,52,26,1,8.76,12.85,4.39,81091,88,5,7,3,0,0,3,0,1841641,92,0,0,0,1
Nebraska,2012,40947019,6,43,30,0,9.79,8.76,4.02,81067,89,6,7,4,0,0,4,0,1854862,91.35,0,0,0,1
Nebraska,2013,40859844,7,47,30,0,5.22,9.79,3.77,87091,90,0,8,5,0,0,5,0,1867414,90.82,0,0,0,1
Nebraska,2014,57611226,10,51,26,0,10.26,5.22,3.27,87091,91,1,7,6,0,0,6,0,1880920,90.95,0,0,0,1
Nevada,2010,3021345,70,18,0,0,11.96,2.19,13.5,29993,44,4,7,9,1,0,6,0,1351398.5,87.26,0,0,0,0
Nevada,2011,4002568,73,19,0,0,0.47,11.96,13.02,29993,45,5,6,10,1,0,7,0,1359085,84.2,0,0,0,0
Nevada,2012,2553094,70,23,0,0,-3.6,0.47,11.19,29993,46,6,6,11,1,0,8,0,1376205,85.21,0,0,0,0
Nevada,2013,3630576,75,24,0,0,-3.6,-3.6,9.63,30000,47,7,6,0,0,0,0,1,1393273.5,85.56,0,0,0,0
Nevada,2014,7937643,82,18,0,0,-0.38,-3.6,7.92,30000,48,8,6,1,0,0,1,0,1415865,85.09,0,0,0,0
New Mexico,2010,2017844,69,15,1,0,-17.76,-15.8,8.1,39224,50,15,6,1,0,0,1,0,1032303.5,84.88,0,0,1,0
New Mexico,2011,1386794,55,21,1,0,-19.31,-17.76,7.52,39224,51,16,6,2,0,0,2,0,1038872,84.9,0,0,1,0
New Mexico,2012,1663831,58,22,1,0,-9.91,-19.31,7.12,39224,52,17,6,5,0,0,0,1,1041795,86.01,0,0,1,0
New Mexico,2013,1652547,61,24,1,0,-14.1,-9.91,6.94,39224,53,18,6,6,0,0,1,0,1042580.5,85.86,0,0,1,0
New Mexico,2014,11371825,69,23,0,0,-7.8,-14.1,6.68,39224,54,19,6,7,0,0,2,0,1041603.5,85.3,0,0,1,0
New Mexico State,2010,875199,59,16,0,0,-18.13,-17.97,8.1,30343,42,5,6,1,0,0,1,0,1032303.5,84.88,0,0,1,0
New Mexico State,2011,887298,56,19,0,0,-11.95,-18.13,7.52,30343,43,6,6,2,0,0,2,0,1038872,84.9,0,0,1,0
New Mexico State,2012,938495,51,25,0,0,-19,-11.95,7.12,30343,44,7,6,3,0,0,3,0,1041795,86.01,0,0,1,0
New Mexico State,2013,651015,50,23,0,0,-19.36,-19,6.94,30343,45,8,7,7,0,0,0,1,1042580.5,85.86,0,0,1,0
New Mexico State,2014,1844693,60,16,0,0,-18.48,-19.36,6.68,30343,46,9,6,8,0,0,1,0,1041603.5,85.3,0,0,1,0
North Carolina,2010,15168064,16,45,27,3,5.15,8.04,10.82,60000,83,3,6,9,1,0,3,0,1914849.4,88.06,0.313340569,1,1,1
North Carolina,2011,16551179,13,46,31,1,3.63,5.15,10.27,63000,84,0,7,0,0,0,0,1,1932588,87.1,0.310464517,1,1,1
North Carolina,2012,15905593,11,56,28,1,4.52,3.63,9.29,60000,85,1,7,4,0,0,0,1,1951059.8,87.26,0.307525172,1,1,1
North Carolina,2013,16948395,7,62,17,0,6.22,4.52,7.96,63000,86,2,7,5,0,0,1,0,1969962.4,87.46,0.304574341,1,1,1
North Carolina,2014,29413682,7,62,17,1,0.14,6.22,6.32,63000,87,3,6,6,0,0,2,0,1656860,87.99,0.301775648,1,1,1
North Carolina State,2010,17019274,33,50,13,1,11,-1.06,10.82,57583,44,4,6,13,0,0,3,0,1914849.4,88.06,0.313340569,1,1,1
North Carolina State,2011,19352627,28,51,12,1,2.57,11,10.27,57583,45,5,7,14,0,0,4,0,1932588,87.1,0.310464517,1,1,1
North Carolina State,2012,17448103,23,58,6,1,1.46,2.57,9.29,57583,46,6,6,15,0,0,5,0,1951059.8,87.26,0.307525172,1,1,1
North Carolina State,2013,18474953,20,58,5,1,-5.66,1.46,7.96,57583,47,7,8,2,0,0,0,1,1969962.4,87.46,0.304574341,1,1,1
North Carolina State,2014,27161306,20,72,4,0,4.17,-5.66,6.32,57583,48,8,7,3,0,0,1,0,1656860,87.99,0.301775648,1,1,1
North Texas,2010,619975,66,20,0,0,-14.18,-14.38,8.13,30500,58,16,6,3,0,0,3,0,2804627.556,86.67,0.316936517,1,6,0
North Texas,2011,932831,65,24,0,0,-9.94,-14.18,7.76,30850,0,0,6,12,1,0,0,1,2849380.444,82.5,0.311958654,1,6,0
North Texas,2012,2378781,63,21,0,0,-8.41,-9.94,6.74,30850,1,1,5,13,1,0,1,0,2370757,82.62,0.306768145,1,6,0
North Texas,2013,2315612,64,18,0,0,3.05,-8.41,6.25,30850,2,2,6,14,1,0,2,0,2407207.182,83.13,0.30212303,1,6,0
North Texas,2014,3585136,64,14,0,0,-11.91,3.05,5.11,30850,3,3,6,15,1,0,3,0,2450403.273,83.37,0.296797158,1,6,0
Ohio State,2010,37926797,2,27,44,6,17.37,14.71,10.24,102329,88,9,8,9,1,1,9,0,1442410.25,91.98,0.519963027,0,1,1
Ohio State,2011,61772364,3,37,41,7,4.66,17.37,8.85,102329,89,10,7,0,0,0,0,1,1442916.5,90.7,0.519780597,0,1,1
Ohio State,2012,45482902,3,39,46,5,13.81,4.66,7.41,102329,90,11,8,10,1,1,0,1,1443371.125,91.01,0.51961688,0,1,1
Ohio State,2013,51406470,3,37,47,5,15.65,13.81,7.43,102329,91,12,7,11,1,1,1,0,1445980.625,90.96,0.518679149,0,1,1
Ohio State,2014,80492555,1,35,54,6,20.44,15.65,5.8,102329,92,13,7,12,1,1,2,0,1449217.625,91.02,0.517520617,0,1,1
Oklahoma,2010,45638026,5,37,48,4,17.11,13.21,6.78,82112,85,7,6,11,1,1,11,0,1253176.333,88.86,0.265990766,1,1,1
Oklahoma,2011,47450103,2,37,46,5,19.75,17.11,5.88,82112,86,8,6,12,1,1,12,0,1261744,87.9,0.2641846,1,1,1
Oklahoma,2012,47629217,1,46,44,3,14.32,19.75,5.27,82112,87,9,6,13,1,1,13,0,1271766,88.18,0.262102724,1,1,1
Oklahoma,2013,49877161,4,49,40,3,13.19,14.32,5.28,82112,88,10,6,14,1,1,14,0,1283280,87.79,0.259751055,1,1,1
Oklahoma,2014,68583981,8,50,32,4,10.21,13.19,4.51,82112,89,11,6,15,1,1,15,0,1291669.333,88.17,0.258063983,1,1,1
Oklahoma State,2010,23677767,16,68,20,0,16.62,8.01,6.78,60218,91,1,7,5,1,1,5,0,1253176.333,88.86,0.265990766,1,1,1
Oklahoma State,2011,23518495,16,73,18,0,24.14,16.62,5.88,60218,92,2,6,6,1,1,6,0,1261744,87.9,0.2641846,1,1,1
Oklahoma State,2012,25289531,15,73,15,0,13.5,24.14,5.27,60218,93,3,7,7,1,1,7,0,1271766,88.18,0.262102724,1,1,1
Oklahoma State,2013,23870744,11,77,13,0,16.83,13.5,5.28,60218,94,4,6,8,1,1,8,0,1283280,87.79,0.259751055,1,1,1
Oklahoma State,2014,55865368,18,72,12,0,1.1,16.83,4.51,60218,95,5,7,9,1,1,9,0,1291669.333,88.17,0.258063983,1,1,1
Oregon,2010,15405992,20,46,34,1,21.54,15.48,10.61,54000,43,8,6,1,1,1,1,0,1918536.5,91.04,0.260615318,0,0,1
Oregon,2011,16775791,15,46,31,3,18.8,21.54,9.5,54000,44,9,7,2,1,1,2,0,1932922.5,90,0.258675658,0,0,1
Oregon,2012,35997093,12,46,33,3,23.43,18.8,8.83,54000,45,10,7,3,1,1,3,0,1946960,90.32,0.256810618,0,0,1
Oregon,2013,43831556,10,37,36,4,21.27,23.43,7.88,54000,46,11,7,0,0,0,0,1,1959832,90.04,0.255123909,0,0,1
Oregon,2014,151379853,8,42,31,3,22.22,21.27,6.78,54000,47,12,7,1,0,0,1,0,1980336.5,90.05,0.252482343,0,0,1
Oregon State,2010,8701829,37,51,7,1,7.6,8.47,10.61,45674,57,3,6,9,1,0,10,0,1918536.5,91.04,0.260615318,0,0,1
Oregon State,2011,10683703,30,50,6,1,-4.33,7.6,9.5,45674,58,4,6,10,1,0,11,0,1932922.5,90,0.258675658,0,0,1
Oregon State,2012,9160696,28,56,8,0,12.14,-4.33,8.83,45674,59,5,7,11,1,0,12,0,1946960,90.32,0.256810618,0,0,1
Oregon State,2013,11018750,21,64,8,0,8.11,12.14,7.88,45674,60,6,6,12,1,0,13,0,1959832,90.04,0.255123909,0,0,1
Oregon State,2014,19408744,27,71,4,0,-1.42,8.11,6.78,45674,61,7,7,13,1,0,14,0,1980336.5,90.05,0.252482343,0,0,1
Penn State,2013,38103686,15,33,21,1,3.4,9.7,7.34,107282,53,12,7,1,1,0,1,0,4259483.333,91.43,0.547797268,0,1,1
Purdue,2010,14853729,42,42,4,0,-5.18,0.79,10.34,62500,86,8,7,1,0,0,1,0,1622507.25,88.59,0.308165033,0,0,1
Purdue,2011,13843734,39,42,3,0,-0.76,-5.18,9.11,62500,87,9,7,2,0,0,2,0,1628839.5,89,0.306967015,0,0,1
Purdue,2012,13898929,26,54,4,0,-1.58,-0.76,8.35,62500,88,10,7,3,0,0,3,0,1633916.25,89.24,0.306013237,0,0,1
Purdue,2013,14802145,23,61,4,0,-12.43,-1.58,7.63,62500,89,11,7,2,1,0,0,1,1641871,89.21,0.304530624,0,0,1
Purdue,2014,25379833,23,56,4,0,-6.33,-12.43,5.96,62500,90,12,7,3,1,0,1,0,1648295.5,89.73,0.303343666,0,0,1
Rutgers,2010,17384712,27,51,12,0,-6.76,6.34,9.53,52454,16,1,7,9,1,1,9,0,8803708,92.03,0.340765505,0,0,1
Rutgers,2011,12744923,27,51,13,0,6.42,-6.76,9.34,52454,17,2,7,10,1,1,10,0,8844694,90.4,0.339186409,0,0,1
Rutgers,2012,14335405,18,57,14,1,3.91,6.42,9.33,52454,18,3,6,0,1,0,0,1,8882095,90.52,0.337758153,0,0,1
Rutgers,2013,11992796,19,58,11,1,-5.68,3.91,8.24,52454,19,4,7,1,1,0,1,0,8913735,90.68,0.336559254,0,0,1
Rutgers,2014,23737532,22,59,9,1,3.19,-5.68,6.74,52454,20,5,6,2,1,0,2,0,8943010,91.02,0.335457525,0,0,1
South Carolina,2010,40098030,16,49,39,2,12.97,7.1,11.13,80250,76,2,7,20,1,0,5,0,2317917,88.95,0,1,0,1
South Carolina,2011,29295623,13,61,31,2,13.56,12.97,10.54,80250,77,3,7,21,1,0,6,0,2336372,86.6,0,1,0,1
South Carolina,2012,29292269,12,62,33,2,16.06,15.97,7.62,80250,78,0,7,23,1,0,7,0,2359504.5,87.31,0,1,0,1
South Carolina,2014,51777241,2,64,32,1,6.7,16.06,6.45,80250,80,2,7,24,1,0,9,0,2382931,87.55,0,1,0,1
South Florida,2010,10264873,41,49,9,1,2.15,3.64,11.03,41441,12,12,7,5,0,0,0,1,2412379,87.8,0,1,0,1
South Florida,2011,9561813,29,54,10,0,3.21,2.15,9.99,65857,13,13,7,6,0,0,1,0,2728195.571,87.7,0.471269105,1,1,1
South Florida,2012,10518546,18,61,10,0,-6.13,3.21,8.48,41441,14,14,6,7,0,0,2,0,2763046.714,88.25,0.465324846,1,1,1
South Florida,2013,9847372,18,60,7,0,-13.56,-6.13,7.23,65857,15,15,7,3,0,0,0,1,2797846.714,88.34,0.459537072,1,1,0
South Florida,2014,10601980,17,69,7,0,-10.9,-13.56,6.27,65857,16,16,7,4,0,0,1,0,2842535.286,88.67,0.452312516,1,1,0
Southern Mississippi,2010,2517489,47,57,9,1,1.79,-0.67,10.36,36000,78,2,6,2,0,0,3,0,742609.25,87.46,0,1,14,0
Southern Mississippi,2011,2319368,34,65,8,1,9.18,1.79,9.98,36000,79,3,6,3,0,0,4,0,744363,83.4,0,1,14,0
Southern Mississippi,2012,2433412,37,63,7,0,-18.04,9.18,9,36000,80,4,6,0,0,0,0,1,745740.75,85.03,0,1,14,0
Southern Mississippi,2013,3396779,48,55,3,0,-21.13,-18.04,8.53,36000,81,5,5,0,0,0,0,1,746930.25,84.95,0,1,14,0
Southern Mississippi,2014,5017891,68,36,1,0,-10.91,-21.13,7.5,36000,82,6,6,1,0,0,1,0,747144.5,85.11,0,1,14,0
Texas,2010,81842208,2,22,58,7,1.71,20.21,8.13,100119,86,5,7,25,1,1,12,0,2804627.556,86.67,0.316936517,1,6,1
Texas,2011,85413972,1,23,57,6,12.16,1.71,7.76,100119,87,0,6,26,1,1,13,0,2849380.444,82.5,0.311958654,1,6,1
Texas,2012,88972368,1,26,60,8,11.18,12.16,6.74,100119,88,1,6,27,1,1,14,0,2370757,82.62,0.306768145,1,6,1
Texas,2013,92469941,1,26,58,5,7.45,11.18,6.25,100119,89,2,6,28,1,1,15,0,2407207.182,83.13,0.30212303,1,6,1
Texas,2014,93424737,3,37,45,3,3.98,7.45,5.11,100119,90,3,6,4,1,0,0,1,2450403.273,83.37,0.296797158,1,6,1
Texas A&M,2010,34760197,11,58,24,1,11.39,3.37,8.13,83002,83,7,7,2,0,0,2,0,2804627.556,86.67,0.316936517,1,6,1
Texas A&M,2011,35855887,11,62,23,1,13.36,11.39,7.76,83002,84,8,7,3,0,0,3,0,2849380.444,82.5,0.311958654,1,6,1
Texas A&M,2012,40781187.5,8,60,22,2,20.05,13.36,6.74,82600,85,9,6,4,1,0,0,1,2370757,82.62,0.306768145,1,6,1
Texas A&M,2013,38437692,7,54,33,1,13.38,20.05,6.25,82589,86,10,8,5,1,0,1,0,2407207.182,83.13,0.30212303,1,6,1
Texas A&M,2014,48450499,6,48,34,4,9.96,13.38,5.11,106300,87,11,6,6,1,0,2,0,2450403.273,83.37,0.296797158,1,6,1
Texas Tech,2010,22156286,22,59,14,0,3.06,10.79,8.13,53774,63,0,6,14,1,1,0,1,2804627.556,86.67,0.316936517,1,6,1
Texas Tech,2011,22055754,15,61,20,0,1.88,3.06,7.76,53774,64,1,6,15,1,1,1,0,2849380.444,82.5,0.311958654,1,6,1
Texas Tech,2012,23040373,15,72,20,0,6.33,1.88,6.74,60454,65,2,6,16,1,1,2,0,2370757,82.62,0.306768145,1,6,1
Texas Tech,2013,21473758,20,69,16,0,5.32,6.33,6.25,60454,66,3,6,0,0,0,0,1,2407207.182,83.13,0.30212303,1,6,1
Texas Tech,2014,37985571,20,71,12,0,-3.56,5.32,5.11,60454,67,4,6,1,0,0,1,0,2450403.273,83.37,0.296797158,1,6,1
Toledo,2010,1663964,64,26,2,0,-3.7,-11.29,10.24,26248,73,20,6,1,0,0,1,0,1442410.25,91.98,0.519963027,0,1,0
Toledo,2011,1051270,64,27,3,0,6.84,-3.7,8.85,26248,74,21,6,2,0,0,2,0,1442916.5,90.7,0.519780597,0,1,0
Toledo,2012,1184475,63,30,3,0,-0.18,6.84,7.41,26248,75,22,6,0,0,0,0,1,1443371.125,91.01,0.51961688,0,1,0
Toledo,2013,1405443,60,37,2,0,-0.03,-0.18,7.43,26248,76,23,6,1,0,0,1,0,1445980.625,90.96,0.518679149,0,1,0
Toledo,2014,3591640,67,27,1,0,-1.79,-0.03,5.8,26244,77,24,6,2,0,0,2,0,1449217.625,91.02,0.517520617,0,1,0
Troy,2010,1522847,96,33,3,0,-4.1,2.73,10.54,30000,60,7,5,9,1,0,9,0,1196394.75,86.9,0,1,0,0
Troy,2011,1201820,89,31,2,0,-15.54,-4.1,9.62,30000,61,8,5,10,1,0,10,0,1199662.25,85.2,0,1,0,0
Troy,2012,1470592,84,28,2,0,-3.45,-15.54,7.98,30000,62,9,6,11,1,0,11,0,962789.2,86.33,0,1,0,0
Troy,2013,1424162,82,21,0,0,-5.33,-3.45,7.22,30000,63,10,5,12,1,0,12,0,965532,86.59,0,1,0,0
Troy,2014,2693459,70,13,0,0,-14.67,-5.33,6.77,30000,64,11,6,13,1,0,13,0,968007.4,86.86,0,1,0,0
UCLA,2010,11563645,5,38,40,1,0.62,3.8,12.23,91136,88,3,6,10,0,0,2,0,4665961.25,87.06,0.428636222,1,0,1
UCLA,2011,13138012,8,44,37,1,-1.05,0.62,11.71,91136,89,4,6,11,0,0,3,0,4709081.75,82,0.424711251,1,0,1
UCLA,2012,11022130,11,47,33,2,8.75,-1.05,10.38,91136,90,5,7,0,0,0,0,1,4752375.75,82.27,0.420842144,1,0,1
UCLA,2013,18409714,10,39,40,2,17.1,8.75,8.94,91136,91,0,6,1,0,0,1,0,4793422.875,82.41,0.417238381,1,0,1
UCLA,2014,27322623,8,37,41,1,14.4,17.1,7.5,91136,92,1,6,2,0,0,2,0,4837659.75,82.85,0.41342304,1,0,1
UNLV,2010,4598773,69,21,0,0,-11.86,-5.61,13.5,36800,39,11,6,0,0,0,0,1,1351398.5,87.26,0,0,0,0
UNLV,2011,5109045,71,21,0,0,-17.72,-11.86,13.02,36800,40,12,5,1,0,0,1,0,1359085,84.2,0,0,0,0
UNLV,2012,1512155,58,26,0,0,-14.57,-17.72,11.19,36800,41,13,7,2,0,0,2,0,1376205,85.21,0,0,0,0
UNLV,2013,3419430,66,20,0,0,-3.9,-14.57,9.63,36800,42,14,7,3,0,0,3,0,1393273.5,85.56,0,0,0,0
UNLV,2014,11200965,65,17,0,0,-16.18,-3.9,7.92,36800,43,15,6,4,0,0,4,0,1415865,85.09,0,0,0,0
Utah,2010,10808678,34,48,7,1,8.3,7.28,7.83,45017,12,12,6,6,1,1,5,0,925086.6667,92.28,0.3603266,0,1,0
Utah,2011,16206874,20,55,9,1,3.16,8.3,6.75,45017,13,13,6,7,1,1,6,0,938476.6667,90.6,0.355185531,0,1,1
Utah,2012,18054615,19,65,13,1,2.51,3.16,5.4,45634,14,14,6,8,1,1,7,0,951407.3333,91.22,0.350358171,0,1,1
Utah,2013,20079553,13,70,12,0,6.96,2.51,4.59,45634,15,15,7,9,1,1,8,0,966653.6667,91.76,0.344832224,0,1,1
Utah,2014,24510061,19,63,9,0,9.84,6.96,3.83,45634,16,16,6,10,1,1,9,0,979557,91.48,0.340289879,0,1,1
UTEP,2010,3713032,72,24,0,0,-8.13,-7.21,8.13,51500,47,4,6,20,1,1,6,0,2804627.556,86.67,0.316936517,1,6,0
UTEP,2011,3929796,74,20,0,0,-7.93,-8.13,7.76,51500,48,5,6,21,1,1,7,0,2849380.444,82.5,0.311958654,1,6,0
UTEP,2012,3226042,71,22,0,0,-9.29,-7.93,6.74,52000,49,6,6,22,1,1,8,0,2370757,82.62,0.306768145,1,6,0
UTEP,2013,3866978,73,16,0,0,-18.17,-9.29,6.25,52000,50,7,5,0,0,0,0,1,2407207.182,83.13,0.30212303,1,6,0
UTEP,2014,5504905,71,9,0,0,-3.18,-18.17,5.11,52000,51,8,6,1,0,0,1,0,2450403.273,83.37,0.296797158,1,6,0
Virginia,2010,14141593,30,41,14,0,-3.29,-3,7.13,61500,79,10,7,0,0,0,0,1,4012603,92.33,0.74764436,1,0,1
Virginia,2011,11424229,28,47,12,0,0.14,-3.29,6.59,61500,80,11,7,1,1,0,1,0,4053774,90.2,0.740051123,1,0,1
Virginia,2012,10689495,25,56,15,0,-3.84,0.14,6.06,61500,81,12,7,2,1,0,2,0,4094328,90.19,0.732720974,1,0,1
Virginia,2013,11720751.48,20,59,12,1,-4.94,-3.84,5.7,61500,82,13,8,3,1,0,3,0,4130844.5,90.54,0.72624375,1,0,1
Virginia,2014,37456423,21,54,13,3,4.83,-4.94,5.23,61500,83,14,7,4,1,0,4,0,2772300.667,90.42,0.721422472,1,0,1
Virginia Tech,2010,24307197,15,64,18,1,14.03,18.57,7.13,66233,45,4,8,22,1,1,23,0,4012603,92.33,0.74764436,1,0,1
Virginia Tech,2011,27171706,9,64,20,0,8.21,14.03,6.59,66233,46,5,6,23,1,1,24,0,4053774,90.2,0.740051123,1,0,1
Virginia Tech,2012,24405861.54,8,61,21,0,3.13,8.21,6.06,65115,47,0,6,24,1,1,25,0,4094328,90.19,0.732720974,1,0,1
Virginia Tech,2013,25659727,5,62,19,1,6.41,3.13,5.7,65632,48,0,6,25,1,1,26,0,4130844.5,90.54,0.72624375,1,0,1
Virginia Tech,2014,31425628,11,61,22,1,6.71,6.41,5.23,65632,49,1,7,26,1,1,27,0,2772300.667,90.42,0.721422472,1,0,1
Washington,2010,25655996,20,69,14,0,5.55,3.61,9.99,72500,90,23,6,0,0,0,1,1,3370693,91.24,0.296674897,0,0,1
Washington,2011,28382843,15,68,16,0,1.8,5.55,9.28,72500,91,24,7,1,0,0,2,0,3409577.5,91,0.293291471,0,0,1
Washington,2012,38745351,13,68,16,1,4.9,1.8,8.11,72500,92,25,6,2,0,0,3,0,3445449.5,91,0.290237892,0,0,1
Washington,2013,38152903,10,68,22,1,15.12,4.9,7.03,70000,93,0,7,3,0,0,4,0,3481705,90.64,0.287215603,0,0,1
Washington,2014,52609825,14,58,20,1,6.52,15.12,6.13,70138,94,1,7,8,1,1,0,1,3523465.5,90.87,0.283811492,0,0,1
Washington State,2010,4457807,57,46,1,0,-4.2,-14.87,9.99,37600,38,4,6,2,0,0,2,0,3370693,91.24,0.296674897,0,0,1
Washington State,2011,4445431,60,42,0,0,-5.61,-4.2,9.28,35117,39,5,6,3,0,0,3,0,3409577.5,91,0.293291471,0,0,1
Washington State,2012,6606127,49,50,2,0,-6.89,-5.61,8.11,37600,40,0,6,10,1,0,0,1,3445449.5,91,0.290237892,0,0,1
Washington State,2013,8433474,46,55,3,0,5.09,-6.89,7.03,32740,41,1,5,11,1,0,1,0,3481705,90.64,0.287215603,0,0,1
Washington State,2014,12525670,37,55,3,0,-1.54,5.09,6.13,32740,42,2,6,12,1,0,2,0,3523465.5,90.87,0.283811492,0,0,1
Western Kentucky,2010,909378,69,11,0,0,-15.37,-20.88,10.17,22113,42,2,5,0,0,0,0,1,2173974,90.51,0,1,0,0
Western Kentucky,2011,757713,67,21,0,0,-6.18,-15.37,9.38,22113,43,3,6,1,0,0,1,0,2184252.5,86.8,0,1,0,0
Western Kentucky,2012,851141,58,26,0,0,-1.5,-6.18,8.17,22113,44,4,6,2,0,0,2,0,2191836.5,87.33,0,1,0,0
Western Kentucky,2013,1698606,64,27,0,0,-0.52,-1.5,8.02,22113,45,5,5,8,1,0,0,1,2199560.5,87.11,0,1,0,0
Western Kentucky,2014,3311748,67,29,0,0,1.99,-0.52,6.46,22113,46,6,6,0,0,0,0,1,2205207.5,87.31,0,1,0,0
Western Michigan,2010,1509487,79,10,1,0,-4.1,-10.53,12.58,30200,71,7,6,5,1,0,5,0,1975346.2,91.2,0.4049923,0,0,0
Western Michigan,2011,1284719,73,14,1,0,0.42,-4.1,10.39,30200,72,8,5,6,1,0,6,0,1975239.8,90.9,0.405014115,0,0,0
Western Michigan,2012,1415354,74,17,0,0,-9.54,0.42,9.13,30200,73,9,6,7,1,0,7,0,1977322,91.04,0.404587619,0,0,0
Western Michigan,2013,1440258,69,17,0,0,-19.16,-9.54,8.78,30200,74,0,5,0,0,0,0,1,1979843.8,91.08,0.404072281,0,0,0
Western Michigan,2014,1562327,68,25,0,0,-1.79,-19.16,7.23,30200,75,0,5,1,1,0,1,0,1982935,91.41,0.403442372,0,0,0
Wisconsin,2010,25444662,21,56,11,1,14.02,8.19,8.64,80321,93,6,7,4,1,0,5,0,5690403,93.3,0.527203434,0,0,1
Wisconsin,2011,27674566,19,61,11,0,15.89,14.02,7.76,80321,94,7,7,5,1,0,6,0,5705812,92.3,0.525779679,0,0,1
Wisconsin,2012,30873263,12,54,11,0,9.77,15.89,7.03,80321,95,8,7,6,1,0,7,0,5721075,92.64,0.524376975,0,0,1
Wisconsin,2013,32477746,11,55,9,0,14.2,9.77,6.7,80321,96,9,7,4,1,0,0,1,5736673,92.5,0.522951195,0,0,1
Wisconsin,2014,58553233,15,49,13,0,12.7,14.2,5.42,80321,97,10,7,5,1,0,1,0,5751272,92.66,0.521623738,0,0,1
Wyoming,2010,2869567,70,19,0,0,-9.31,-4.53,6.45,30514,60,0,6,0,0,0,1,0,564376,91.66,0,0,0,0
Wyoming,2011,2704480,72,21,0,0,-3.82,-9.31,5.79,29181,61,1,6,1,1,0,2,0,567602,92.9,0,0,0,0
Wyoming,2012,4142641,68,22,0,0,-10.78,-3.82,5.31,30514,62,2,6,2,1,0,3,0,576608,93.12,0,0,0,0
Wyoming,2013,2460601,68,20,0,0,-9.36,-10.78,4.72,29181,63,3,6,3,1,0,4,0,582341,94.86,0,0,0,0
Wyoming,2014,7314235,75,14,0,0,-6.69,-9.36,4.13,29181,64,4,6,0,0,0,0,1,583334,93.22,0,0,0,0